Wire length data points,,Min Fitness ,Ave Fitness,Max Fitness
165.1690077,,17.481,149.865,253.358
162.9565829,,17.481,134.695,246.837
136.6795908,,17.481,124.152,243.682
91.16158237,,13.965,109.235,244.09
123.8854615,,8.667,95.683,244.119
102.3347912,,6.036,83.091,239.136
151.8034162,,6.036,70.095,203.141
154.4069431,,5.311,58.569,181.84
,,4.966,47.094,159.898
133.5128922,,4.966,47.094,140.175
141.912826,,4.186,32.051,119.523
113.1604408,,4.186,25.593,137.093
134.1213534,,4.186,19.445,103.638
156.6617783,,4.186,15.064,170.396
123.0585613,,4.186,12.506,79.491
108.5625559,,4.186397074,,
133.5600022,,,,
109.0377498,,,,
107.7125761,,,,
173.3345643,,,,
140.606099,,,,
124.4145151,,,,
113.2895618,,,,
148.0954969,,,,
134.1927059,,,,
155.8328901,,,,
96.4343823,,,,
116.9173876,,,,
140.9585916,,,,
126.6865157,,,,
124.4506153,,,,
144.4768052,,,,
107.031845,,,,
121.3162086,,,,
152.5465764,,,,
134.7203531,,,,
131.252669,,,,
100.4518085,,,,
141.9994506,,,,
112.3079289,,,,
129.6544287,,,,
109.2671606,,,,
136.9412141,,,,
119.1092712,,,,
130.3953038,,,,
143.29918,,,,
84.53726359,,,,
146.3197893,,,,
130.9975497,,,,
153.6313782,,,,
99.39584697,,,,
149.751089,,,,
129.2108762,,,,
135.490249,,,,
132.1703419,,,,
191.4538556,,,,
136.0899536,,,,
174.5937963,,,,
128.3817103,,,,
125.5599054,,,,
155.4521524,,,,
106.5657644,,,,
97.04891238,,,,
160.5358574,,,,
120.4363597,,,,
161.0576195,,,,
144.9567646,,,,
99.63326377,,,,
156.0981896,,,,
107.6833604,,,,
119.3825463,,,,
169.3800391,,,,
103.9204401,,,,
145.7084947,,,,
104.9547688,,,,
114.6356813,,,,
109.9290891,,,,
161.1515433,,,,
176.0577232,,,,
113.824667,,,,
99.66355508,,,,
152.1842663,,,,
143.3497468,,,,
110.7870565,,,,
85.01725018,,,,
166.3247408,,,,
133.5849814,,,,
117.5641923,,,,
134.8052353,,,,
162.5562923,,,,
88.12676594,,,,
154.5762845,,,,
124.8295546,,,,
96.0997935,,,,
133.3055088,,,,
144.7240589,,,,
122.5310549,,,,
106.1124105,,,,
129.8144554,,,,
151.8704486,,,,
108.646883,,,,
98.77132375,,,,
139.3514848,,,,
125.2652658,,,,
121.7689147,,,,
108.3579359,,,,
132.0691574,,,,
103.1038305,,,,
114.2040467,,,,
161.7634872,,,,
145.5292906,,,,
154.1383936,,,,
115.4720768,,,,
148.7879578,,,,
104.195442,,,,
119.8253174,,,,
133.9443623,,,,
152.0414234,,,,
102.8418591,,,,
129.3754923,,,,
142.0189042,,,,
142.1574964,,,,
89.0495891,,,,
108.930842,,,,
189.4649168,,,,
134.951679,,,,
93.90266313,,,,
94.12598192,,,,
109.4457677,,,,
125.7605157,,,,
147.3483583,,,,
130.9632962,,,,
104.6535497,,,,
159.8225905,,,,
111.2868464,,,,
135.5900219,,,,
140.0345788,,,,
140.8504148,,,,
141.1757315,,,,
115.718925,,,,
85.56752958,,,,
124.5577323,,,,
123.8064831,,,,
177.6887259,,,,
132.9722044,,,,
103.320307,,,,
143.5789658,,,,
95.84364034,,,,
111.0664158,,,,
152.6354575,,,,
132.2012793,,,,
106.7051403,,,,
155.3703188,,,,
122.7824376,,,,
171.9522265,,,,
129.2185887,,,,
170.3897012,,,,
136.9695701,,,,
141.3091103,,,,
161.1293275,,,,
113.5773058,,,,
113.1256781,,,,
108.8352614,,,,
166.6512206,,,,
154.6416393,,,,
156.6897221,,,,
129.7404018,,,,
162.5564852,,,,
153.1059396,,,,
157.9340365,,,,
141.7195123,,,,
129.6089514,,,,
139.1539,,,,
137.5046083,,,,
127.7097465,,,,
198.933013,,,,
145.1821092,,,,
145.6758902,,,,
165.1255389,,,,
137.6714482,,,,
172.0381193,,,,
151.0373183,,,,
124.4685559,,,,
113.9171344,,,,
130.1145257,,,,
182.3886823,,,,
146.4235894,,,,
137.1874921,,,,
146.5044376,,,,
115.4875278,,,,
110.865202,,,,
146.3106164,,,,
143.1754635,,,,
133.6786956,,,,
132.7918052,,,,
154.3499896,,,,
112.2976459,,,,
137.730554,,,,
161.6398749,,,,
138.2773113,,,,
116.112825,,,,
180.7757703,,,,
152.270343,,,,
114.3414923,,,,
99.27801896,,,,
108.8509786,,,,
133.9856342,,,,
143.5650844,,,,
86.40838059,,,,
141.0116144,,,,
153.5599572,,,,
143.9955727,,,,
92.09462591,,,,
121.7089161,,,,
153.7887708,,,,
162.6663644,,,,
140.4852338,,,,
123.132118,,,,
186.3117853,,,,
160.7294309,,,,
147.0229527,,,,
127.4590119,,,,
126.674007,,,,
165.660189,,,,
146.2221446,,,,
130.849504,,,,
123.3520073,,,,
154.8641434,,,,
123.0120854,,,,
87.85643811,,,,
144.1373195,,,,
136.3957048,,,,
148.9069369,,,,
170.2978075,,,,
96.20354163,,,,
152.4129728,,,,
77.73777327,,,,
189.4912974,,,,
119.7568717,,,,
122.9590342,,,,
137.6254502,,,,
144.4715572,,,,
164.3716863,,,,
119.6352756,,,,
144.0207056,,,,
97.09533819,,,,
147.3131783,,,,
116.6799406,,,,
152.086969,,,,
158.3794226,,,,
145.1540971,,,,
120.9293866,,,,
62.16928327,,,,
133.4328392,,,,
120.6885415,,,,
152.664997,,,,
129.3576522,,,,
138.7666812,,,,
101.3528477,,,,
133.0775506,,,,
101.4374949,,,,
150.5296198,,,,
123.7951382,,,,
164.5171645,,,,
118.9028351,,,,
105.9345864,,,,
121.7795375,,,,
133.0105358,,,,
112.5875961,,,,
130.7416074,,,,
116.456449,,,,
128.4717537,,,,
109.7824584,,,,
148.6385995,,,,
137.9363759,,,,
155.8314043,,,,
178.3581668,,,,
134.0089647,,,,
161.971788,,,,
138.3938488,,,,
154.3054443,,,,
129.6222824,,,,
154.0493173,,,,
150.4105228,,,,
171.3198266,,,,
130.4636674,,,,
136.2994628,,,,
121.7635389,,,,
109.4213679,,,,
125.9550041,,,,
115.3268524,,,,
110.5450836,,,,
129.8362431,,,,
140.1212007,,,,
95.54105241,,,,
110.8893466,,,,
143.4624353,,,,
119.2531633,,,,
109.1567547,,,,
122.9080687,,,,
110.7450862,,,,
150.6332054,,,,
171.4818173,,,,
109.2163319,,,,
123.7636783,,,,
125.5179628,,,,
142.9254581,,,,
135.7915663,,,,
148.8021557,,,,
93.06549214,,,,
143.6104272,,,,
144.9017385,,,,
128.3904365,,,,
138.2372909,,,,
126.6379593,,,,
83.39313533,,,,
154.0718972,,,,
133.1486876,,,,
124.2142268,,,,
134.7735107,,,,
154.2946891,,,,
150.6680046,,,,
107.0590669,,,,
93.98204321,,,,
104.8543067,,,,
137.1490937,,,,
137.9444512,,,,
142.3015626,,,,
131.564079,,,,
123.7758954,,,,
131.8435167,,,,
115.4927756,,,,
103.6650219,,,,
102.4427297,,,,
107.8877658,,,,
147.9500053,,,,
152.8281636,,,,
153.5801525,,,,
129.4963345,,,,
146.3760254,,,,
119.9914404,,,,
130.7634997,,,,
133.9885835,,,,
151.2073279,,,,
187.2199561,,,,
101.9814612,,,,
136.5933873,,,,
155.7134715,,,,
136.5438844,,,,
138.1770285,,,,
199.4003949,,,,
161.8542042,,,,
115.0914708,,,,
83.96773085,,,,
104.2362553,,,,
122.4732103,,,,
130.8521691,,,,
115.0545374,,,,
150.2649964,,,,
149.3721556,,,,
106.6528162,,,,
142.8577029,,,,
148.4877754,,,,
155.6994867,,,,
124.8590305,,,,
155.5109337,,,,
131.5419858,,,,
103.2534056,,,,
189.814423,,,,
134.2302236,,,,
127.6418755,,,,
140.7336289,,,,
144.560605,,,,
99.28418634,,,,
165.6986125,,,,
118.9585967,,,,
187.2657972,,,,
97.65782514,,,,
140.0593713,,,,
129.5996982,,,,
146.9905895,,,,
112.183722,,,,
156.3258431,,,,
126.4115814,,,,
111.3524484,,,,
126.1921818,,,,
131.3358355,,,,
104.9198277,,,,
136.2782898,,,,
170.9631587,,,,
166.6625012,,,,
126.8023917,,,,
159.0998439,,,,
129.9989518,,,,
116.1182897,,,,
139.3409073,,,,
129.6131627,,,,
84.87870153,,,,
151.044263,,,,
108.4809825,,,,
94.93149108,,,,
125.2016758,,,,
123.8629768,,,,
82.74577274,,,,
168.7801994,,,,
149.6027948,,,,
119.1221037,,,,
131.2063508,,,,
128.2061964,,,,
135.5063149,,,,
121.7126601,,,,
99.12550294,,,,
96.40140135,,,,
163.8924037,,,,
114.2749166,,,,
152.141137,,,,
146.1288161,,,,
108.0694047,,,,
115.6593129,,,,
116.7607864,,,,
99.0529618,,,,
125.2011241,,,,
92.75085959,,,,
117.4600871,,,,
122.3644374,,,,
122.4429467,,,,
112.0569941,,,,
136.1195561,,,,
125.0962084,,,,
112.3491931,,,,
130.8447791,,,,
146.4206005,,,,
166.0985606,,,,
137.2946671,,,,
104.0165831,,,,
178.006431,,,,
179.9938937,,,,
134.1954895,,,,
98.15143602,,,,
136.094313,,,,
132.9004714,,,,
157.2561214,,,,
138.1968925,,,,
120.5422941,,,,
113.7789703,,,,
144.498589,,,,
111.4347093,,,,
125.6840555,,,,
106.5939186,,,,
158.1543507,,,,
140.0814918,,,,
131.7878279,,,,
110.457048,,,,
99.62315901,,,,
120.3615891,,,,
147.8763088,,,,
155.549538,,,,
109.9561393,,,,
123.0714897,,,,
166.276406,,,,
143.1531514,,,,
150.0811452,,,,
90.783718,,,,
111.82605,,,,
112.253688,,,,
126.9473644,,,,
142.8067082,,,,
127.2150766,,,,
109.9245743,,,,
136.4285561,,,,
174.7426888,,,,
165.5378384,,,,
103.1705974,,,,
96.49779863,,,,
129.3725865,,,,
143.4409086,,,,
142.734005,,,,
118.091253,,,,
158.6825179,,,,
95.55422259,,,,
138.7097282,,,,
143.1724594,,,,
191.0232872,,,,
148.4434808,,,,
109.2868387,,,,
160.7008125,,,,
124.470917,,,,
162.3679173,,,,
137.3072874,,,,
130.0108757,,,,
110.5883817,,,,
97.63347182,,,,
147.0252061,,,,
112.6786415,,,,
137.4668984,,,,
139.025565,,,,
142.7725459,,,,
106.7101231,,,,
96.13717164,,,,
164.8678938,,,,
112.339948,,,,
138.9721437,,,,
147.1680553,,,,
147.6477576,,,,
146.0136952,,,,
131.714206,,,,
139.4795471,,,,
141.7171375,,,,
129.7428626,,,,
174.466655,,,,
130.4063249,,,,
100.075169,,,,
124.2832945,,,,
151.1014058,,,,
130.5653805,,,,
134.6512109,,,,
173.5505939,,,,
136.1234266,,,,
117.9521762,,,,
96.75849215,,,,
132.6205534,,,,
117.1403767,,,,
143.7748233,,,,
109.30161,,,,
153.2998091,,,,
130.2981408,,,,
142.3091802,,,,
107.4261047,,,,
126.6921614,,,,
152.4031273,,,,
101.3035877,,,,
115.78462,,,,
137.2983469,,,,
91.216422,,,,
153.1366924,,,,
115.8229764,,,,
119.4961917,,,,
101.9013934,,,,
74.67972966,,,,
114.6098429,,,,
162.2290811,,,,
137.9758738,,,,
123.4721904,,,,
126.5540014,,,,
142.2928528,,,,
120.4847115,,,,
153.9865654,,,,
88.70280758,,,,
135.5414806,,,,
91.78861123,,,,
115.8763319,,,,
103.971915,,,,
121.8867869,,,,
112.1486749,,,,
138.4901969,,,,
132.786161,,,,
143.3033376,,,,
119.758437,,,,
158.6805994,,,,
159.4889487,,,,
109.5899132,,,,
102.0995099,,,,
104.5600545,,,,
106.6667456,,,,
97.68980586,,,,
113.1075928,,,,
130.8941057,,,,
105.4105752,,,,
125.463065,,,,
145.3922458,,,,
127.528412,,,,
132.0457635,,,,
83.33776846,,,,
145.3525531,,,,
184.6540341,,,,
143.4788333,,,,
152.4794808,,,,
170.8311229,,,,
121.2506714,,,,
123.6039757,,,,
127.9769498,,,,
114.898267,,,,
122.0006527,,,,
140.7195084,,,,
152.3104251,,,,
142.2533331,,,,
156.4080345,,,,
164.2370611,,,,
155.6803976,,,,
109.6360282,,,,
137.2198804,,,,
114.4642266,,,,
146.0070168,,,,
100.0706656,,,,
153.3264491,,,,
133.5603921,,,,
116.7502411,,,,
141.3147792,,,,
113.9972306,,,,
109.900691,,,,
148.318799,,,,
95.33312215,,,,
135.9968123,,,,
135.5977334,,,,
117.3231073,,,,
133.500981,,,,
110.5708003,,,,
120.4884728,,,,
110.0716497,,,,
131.5550181,,,,
136.5556448,,,,
98.38240025,,,,
131.5520563,,,,
121.5756091,,,,
140.0821827,,,,
115.1313191,,,,
173.0013316,,,,
144.5191004,,,,
123.6279388,,,,
98.24655631,,,,
163.1450702,,,,
115.2656484,,,,
96.6345612,,,,
109.481516,,,,
89.25345627,,,,
147.031741,,,,
118.2298099,,,,
139.9495709,,,,
117.0854886,,,,
125.6740852,,,,
127.7858378,,,,
71.58644369,,,,
158.0628779,,,,
142.8165175,,,,
108.0679623,,,,
98.27406781,,,,
140.4279077,,,,
95.1633519,,,,
174.2078483,,,,
107.8730096,,,,
123.0223113,,,,
134.5371884,,,,
142.81174,,,,
114.9476601,,,,
146.4557996,,,,
136.8407416,,,,
91.74747351,,,,
125.3368673,,,,
134.8433175,,,,
106.6534068,,,,
142.5364765,,,,
128.7931757,,,,
131.9506933,,,,
132.9265114,,,,
162.645209,,,,
111.3440778,,,,
120.0461482,,,,
144.4324094,,,,
158.6903453,,,,
118.4838798,,,,
133.2359068,,,,
107.2938379,,,,
120.9646552,,,,
141.0570215,,,,
144.4382715,,,,
139.8737687,,,,
125.8919227,,,,
113.5915293,,,,
187.1986943,,,,
161.3157616,,,,
135.8018949,,,,
89.76886316,,,,
130.804137,,,,
131.470037,,,,
130.7452194,,,,
127.7135613,,,,
99.04350469,,,,
138.4285366,,,,
149.9410928,,,,
134.0376992,,,,
117.5970919,,,,
112.5748235,,,,
144.7768345,,,,
110.1369711,,,,
129.1704247,,,,
120.3237375,,,,
119.9368426,,,,
122.2873997,,,,
113.1856095,,,,
132.5330907,,,,
134.94663,,,,
101.7344642,,,,
138.8409871,,,,
128.3571713,,,,
139.6340447,,,,
161.0800025,,,,
118.0492889,,,,
96.62066248,,,,
133.0169641,,,,
142.2074137,,,,
142.776377,,,,
115.2672723,,,,
143.1891588,,,,
138.756675,,,,
113.3170129,,,,
118.2326772,,,,
141.9115967,,,,
131.0582852,,,,
148.3299458,,,,
147.5351235,,,,
123.5232495,,,,
141.67096,,,,
117.7381407,,,,
142.487379,,,,
130.6977388,,,,
105.9954891,,,,
129.0066464,,,,
153.8209887,,,,
176.2051657,,,,
122.9508194,,,,
162.9415748,,,,
111.0194871,,,,
135.0284662,,,,
155.890426,,,,
113.8943608,,,,
99.05419172,,,,
124.9583854,,,,
152.6487821,,,,
94.36315944,,,,
136.049686,,,,
165.9656397,,,,
99.64183522,,,,
158.4841469,,,,
143.648441,,,,
134.9491203,,,,
133.2061299,,,,
155.361689,,,,
109.9575702,,,,
147.1202717,,,,
119.9668814,,,,
135.5906825,,,,
83.94624173,,,,
183.0131924,,,,
125.9405477,,,,
110.0154192,,,,
105.3267825,,,,
102.3151553,,,,
122.1786307,,,,
128.0118375,,,,
119.8178329,,,,
96.86146014,,,,
150.7334024,,,,
99.16725613,,,,
113.1007673,,,,
111.6063165,,,,
162.9342571,,,,
140.5585292,,,,
125.1104251,,,,
126.7479815,,,,
155.1918902,,,,
101.4211222,,,,
97.12940341,,,,
120.632683,,,,
128.5770734,,,,
140.3744957,,,,
121.2855569,,,,
166.4293442,,,,
128.2157166,,,,
116.7749945,,,,
129.9127358,,,,
107.2245866,,,,
113.8719719,,,,
76.00930043,,,,
85.74691525,,,,
155.4906053,,,,
110.8872402,,,,
114.6650972,,,,
139.8912222,,,,
171.7576733,,,,
108.5534303,,,,
116.1712936,,,,
92.00089722,,,,
125.100118,,,,
128.6554893,,,,
124.1821432,,,,
126.899085,,,,
84.21882005,,,,
101.4445948,,,,
116.7936373,,,,
133.9075823,,,,
128.6439457,,,,
161.3756974,,,,
131.5549077,,,,
118.0949942,,,,
143.4707422,,,,
152.4509797,,,,
101.516853,,,,
115.2705909,,,,
138.7119409,,,,
90.78427914,,,,
112.3122016,,,,
142.654435,,,,
110.5066079,,,,
125.6595607,,,,
97.55334071,,,,
115.2607207,,,,
181.5637088,,,,
108.9993568,,,,
100.8103485,,,,
177.7502172,,,,
129.1737435,,,,
125.6427594,,,,
151.247596,,,,
84.60157471,,,,
168.5573218,,,,
146.7039281,,,,
169.3409344,,,,
111.4633147,,,,
130.533918,,,,
149.2521686,,,,
131.2175074,,,,
74.18524212,,,,
102.7771328,,,,
151.3155641,,,,
122.6735938,,,,
140.7458244,,,,
108.2251796,,,,
114.1050588,,,,
153.1070876,,,,
118.8331276,,,,
143.0459089,,,,
137.036908,,,,
148.4308572,,,,
130.2857832,,,,
125.1744705,,,,
130.1865018,,,,
153.3414808,,,,
150.4858397,,,,
161.8669426,,,,
109.42869,,,,
95.51162558,,,,
134.5644376,,,,
119.3626664,,,,
98.44940647,,,,
140.5857018,,,,
135.6710695,,,,
111.1732011,,,,
125.2083033,,,,
131.5700082,,,,
123.0594219,,,,
89.25530479,,,,
91.06727473,,,,
147.5006676,,,,
152.0493864,,,,
142.8354424,,,,
97.95649224,,,,
109.6314868,,,,
119.9247789,,,,
131.5940358,,,,
97.64836457,,,,
124.6121149,,,,
95.41494318,,,,
156.5409981,,,,
150.4253558,,,,
120.4152858,,,,
89.06616039,,,,
128.9606158,,,,
126.4549947,,,,
143.3397756,,,,
127.53526,,,,
129.5347798,,,,
103.1976852,,,,
79.93815762,,,,
90.88161614,,,,
126.0021302,,,,
122.5750712,,,,
118.411889,,,,
104.5756916,,,,
98.36079903,,,,
93.42951028,,,,
111.1838404,,,,
102.6741395,,,,
127.4049035,,,,
126.5713328,,,,
122.4447871,,,,
128.1748268,,,,
140.4577327,,,,
99.27240286,,,,
110.5151436,,,,
126.6954022,,,,
117.6335849,,,,
135.102836,,,,
123.0821716,,,,
114.9947639,,,,
89.37724625,,,,
127.9482215,,,,
140.1997119,,,,
100.0833434,,,,
115.8537544,,,,
129.368911,,,,
100.5867159,,,,
116.6771083,,,,
122.7195855,,,,
102.891922,,,,
136.289148,,,,
112.1851535,,,,
119.002659,,,,
134.5666799,,,,
106.3298754,,,,
101.8916474,,,,
106.6829426,,,,
125.9321724,,,,
138.2945235,,,,
94.5300187,,,,
157.2199879,,,,
135.9103648,,,,
123.1750848,,,,
155.4770054,,,,
116.3995089,,,,
127.4713205,,,,
91.09187919,,,,
101.6762841,,,,
156.4261783,,,,
115.9047904,,,,
132.4590377,,,,
112.5892411,,,,
125.2367941,,,,
120.5793208,,,,
165.2297575,,,,
115.9101197,,,,
141.8016418,,,,
120.4096867,,,,
109.4641145,,,,
117.7300455,,,,
123.6911624,,,,
116.7946892,,,,
122.5401454,,,,
91.61182427,,,,
123.7087307,,,,
152.6014737,,,,
128.5358089,,,,
97.12690823,,,,
138.434998,,,,
100.0539775,,,,
114.0308418,,,,
108.5506652,,,,
117.0608299,,,,
96.41883411,,,,
151.8652528,,,,
134.5924034,,,,
126.7883571,,,,
116.4689144,,,,
105.5930941,,,,
124.2593371,,,,
128.6829477,,,,
129.367129,,,,
126.8421317,,,,
172.4508766,,,,
93.10104857,,,,
109.5147834,,,,
127.7713861,,,,
110.3943346,,,,
160.728538,,,,
141.8111401,,,,
134.5211728,,,,
96.84747492,,,,
124.8880273,,,,
110.6101801,,,,
85.10350912,,,,
133.6109572,,,,
152.7030186,,,,
127.8367092,,,,
101.5807877,,,,
110.0266343,,,,
115.2215723,,,,
105.3558001,,,,
129.0496284,,,,
125.525738,,,,
90.06476212,,,,
123.6934091,,,,
101.9890759,,,,
115.8323872,,,,
108.5945696,,,,
124.4824219,,,,
129.0057619,,,,
125.8454164,,,,
77.06388073,,,,
118.0088711,,,,
150.8637509,,,,
114.9849163,,,,
100.4937568,,,,
162.7498328,,,,
105.8176496,,,,
104.9460503,,,,
84.49374655,,,,
140.7949055,,,,
119.7031651,,,,
95.20274132,,,,
116.0875164,,,,
99.61642337,,,,
115.5091638,,,,
127.8429441,,,,
141.3792396,,,,
105.5502474,,,,
163.0529353,,,,
136.6455653,,,,
172.291135,,,,
132.872202,,,,
131.2348104,,,,
129.8926783,,,,
148.7250758,,,,
156.3544049,,,,
159.1238403,,,,
126.2035013,,,,
165.2117837,,,,
180.9380403,,,,
120.2082287,,,,
117.4104918,,,,
105.3115473,,,,
120.1843032,,,,
111.1697141,,,,
117.3770562,,,,
114.811044,,,,
124.9049145,,,,
132.2222486,,,,
146.2125544,,,,
97.02740586,,,,
104.5679325,,,,
96.5363921,,,,
147.6259278,,,,
109.8825261,,,,
91.44491807,,,,
150.1975628,,,,
157.2128411,,,,
124.4142082,,,,
152.809936,,,,
116.4618046,,,,
96.57184983,,,,
138.7467883,,,,
155.9920234,,,,
114.8897912,,,,
110.5144825,,,,
114.0485564,,,,
136.3688459,,,,
147.7896,,,,
94.70026227,,,,
110.6029324,,,,
116.4371459,,,,
85.40010282,,,,
104.4781881,,,,
136.6537852,,,,
121.5985606,,,,
131.0276031,,,,
154.5108921,,,,
74.14339915,,,,
173.7993432,,,,
137.556283,,,,
100.6391552,,,,
123.9550911,,,,
138.5849238,,,,
119.3989786,,,,
116.3232414,,,,
113.7412715,,,,
106.0956374,,,,
133.0986528,,,,
109.6269661,,,,
141.8725945,,,,
86.19564123,,,,
141.2662936,,,,
128.8277922,,,,
141.2879818,,,,
124.4265362,,,,
118.6787933,,,,
129.2272391,,,,
152.7949459,,,,
132.8545734,,,,
86.01862957,,,,
129.5530758,,,,
122.7996271,,,,
123.1408987,,,,
128.1030268,,,,
99.36612545,,,,
131.1216603,,,,
136.320714,,,,
135.5726338,,,,
107.3702513,,,,
131.5195783,,,,
122.1160171,,,,
92.73099893,,,,
107.3120984,,,,
141.1538043,,,,
113.2575499,,,,
132.0607512,,,,
99.57231487,,,,
141.032007,,,,
129.3335254,,,,
120.4925827,,,,
110.4272542,,,,
103.4270973,,,,
111.5239642,,,,
126.9868915,,,,
132.0737697,,,,
126.3969322,,,,
122.6585447,,,,
159.1551903,,,,
91.60659052,,,,
100.2689854,,,,
82.74692638,,,,
136.4086232,,,,
153.3496806,,,,
112.8277097,,,,
144.5116794,,,,
92.86918707,,,,
119.7960895,,,,
134.094896,,,,
114.707551,,,,
108.0460488,,,,
107.0804105,,,,
114.9270961,,,,
76.59825938,,,,
120.7143967,,,,
158.5444548,,,,
93.40333647,,,,
135.483072,,,,
135.7142782,,,,
175.3451505,,,,
115.6956789,,,,
118.7941581,,,,
123.0804678,,,,
109.3201689,,,,
97.0840787,,,,
124.0156676,,,,
84.50855986,,,,
106.6869583,,,,
111.6145823,,,,
118.0149231,,,,
96.36882897,,,,
90.52024861,,,,
96.15552067,,,,
122.8103494,,,,
129.7500565,,,,
115.0755881,,,,
118.6399066,,,,
111.6784131,,,,
122.0380178,,,,
141.2654464,,,,
85.35890766,,,,
101.3260912,,,,
109.4490294,,,,
99.84571184,,,,
111.9601634,,,,
196.4492543,,,,
119.5580138,,,,
121.5759157,,,,
104.5643014,,,,
134.7802777,,,,
155.3641702,,,,
119.0193262,,,,
103.4121337,,,,
160.7765958,,,,
115.3502179,,,,
70.95411259,,,,
103.5026866,,,,
101.4694758,,,,
110.3785374,,,,
154.1326667,,,,
130.5750375,,,,
103.2674771,,,,
126.8626475,,,,
122.5353035,,,,
102.9049233,,,,
111.7162511,,,,
115.3565964,,,,
109.5056604,,,,
130.1971748,,,,
119.9578535,,,,
138.3497739,,,,
133.4020844,,,,
149.0654126,,,,
94.2135444,,,,
150.4641305,,,,
132.5632736,,,,
129.8769301,,,,
135.6816436,,,,
125.9719907,,,,
86.84695627,,,,
115.3310661,,,,
129.2681361,,,,
97.02274544,,,,
115.976664,,,,
111.3791797,,,,
88.65005201,,,,
143.8476509,,,,
151.1122886,,,,
158.4955621,,,,
173.6467639,,,,
115.9595818,,,,
109.4104528,,,,
146.9304658,,,,
130.8946797,,,,
147.2242135,,,,
122.6257475,,,,
79.08521016,,,,
110.0365623,,,,
103.868925,,,,
112.9925113,,,,
97.78006872,,,,
103.3008609,,,,
94.1853766,,,,
131.9805061,,,,
99.41024746,,,,
125.3048293,,,,
95.24570277,,,,
112.1551628,,,,
134.2864056,,,,
105.9311378,,,,
96.44579362,,,,
118.6284185,,,,
134.4752054,,,,
105.7868708,,,,
139.9456442,,,,
99.70292771,,,,
106.3534778,,,,
143.0080298,,,,
89.45155493,,,,
178.1977686,,,,
78.03350355,,,,
108.99315,,,,
69.75638193,,,,
76.39249402,,,,
81.26327132,,,,
121.2527417,,,,
110.6056878,,,,
91.0528575,,,,
119.5552806,,,,
142.4559637,,,,
91.92630136,,,,
128.0414054,,,,
110.0056241,,,,
135.7542295,,,,
122.082923,,,,
150.791867,,,,
116.5788477,,,,
105.6219476,,,,
119.2821418,,,,
104.3423551,,,,
144.4381606,,,,
108.3539144,,,,
164.1517594,,,,
109.6937128,,,,
142.3987037,,,,
142.3997607,,,,
115.9470988,,,,
123.4130094,,,,
119.7481354,,,,
115.6984702,,,,
119.4687211,,,,
95.04677615,,,,
151.3515653,,,,
111.6427944,,,,
149.630841,,,,
127.9319244,,,,
103.5813717,,,,
125.2346684,,,,
105.9359731,,,,
133.506647,,,,
132.1440236,,,,
141.8976507,,,,
119.8507365,,,,
85.22259985,,,,
146.1869932,,,,
120.630688,,,,
121.8253141,,,,
88.6695378,,,,
111.4693582,,,,
108.8420492,,,,
145.1487318,,,,
118.8709445,,,,
144.5621482,,,,
92.01441238,,,,
136.6130272,,,,
114.5536351,,,,
103.3936041,,,,
109.6741044,,,,
128.2044193,,,,
119.922792,,,,
90.96340672,,,,
124.6870452,,,,
95.04216738,,,,
108.1761267,,,,
77.73089435,,,,
113.699945,,,,
122.1203333,,,,
136.9908347,,,,
126.8780511,,,,
135.8884628,,,,
99.63027495,,,,
88.41411083,,,,
110.6573368,,,,
121.9576466,,,,
107.553546,,,,
125.8484931,,,,
120.1259168,,,,
137.5608489,,,,
124.1423962,,,,
131.7862485,,,,
156.8699928,,,,
140.1196638,,,,
104.3664747,,,,
97.13408834,,,,
122.567459,,,,
137.7343782,,,,
131.897447,,,,
120.7564101,,,,
105.2555413,,,,
115.9856953,,,,
119.6401503,,,,
100.0008516,,,,
146.4809534,,,,
93.29651153,,,,
105.2808352,,,,
87.39628708,,,,
130.2732167,,,,
131.6824027,,,,
122.7839275,,,,
122.5273245,,,,
117.408366,,,,
101.0789373,,,,
107.4837777,,,,
87.03094706,,,,
119.9174013,,,,
79.66007294,,,,
90.49680349,,,,
131.2882532,,,,
98.42124281,,,,
103.0093346,,,,
104.6267903,,,,
119.6299657,,,,
118.5325519,,,,
167.6763871,,,,
123.980323,,,,
79.27666708,,,,
158.748428,,,,
104.1038211,,,,
176.695211,,,,
133.960058,,,,
123.6521743,,,,
139.0811266,,,,
96.57669111,,,,
88.25185458,,,,
87.49689919,,,,
110.8280619,,,,
138.5955118,,,,
105.8466016,,,,
115.8238369,,,,
141.5218627,,,,
135.8324392,,,,
128.6054679,,,,
137.7724535,,,,
104.6049365,,,,
90.55242972,,,,
99.13604524,,,,
70.49086627,,,,
104.835346,,,,
130.8410939,,,,
109.1281663,,,,
126.0920807,,,,
124.3740887,,,,
130.7323228,,,,
128.4538852,,,,
146.731822,,,,
115.0052095,,,,
137.9882647,,,,
111.9772978,,,,
113.5671323,,,,
105.5512929,,,,
85.6618701,,,,
109.6476329,,,,
130.5563117,,,,
131.1970234,,,,
116.6348857,,,,
148.8597698,,,,
151.0027428,,,,
100.1979205,,,,
79.43002784,,,,
97.87172014,,,,
110.4867376,,,,
130.7440814,,,,
82.78641292,,,,
109.1890181,,,,
108.6540102,,,,
88.50904507,,,,
114.5756734,,,,
91.64629866,,,,
101.3495916,,,,
105.9406108,,,,
124.0927347,,,,
102.5840944,,,,
123.3819675,,,,
123.1534558,,,,
124.8703777,,,,
100.6372049,,,,
134.4058188,,,,
117.0759004,,,,
87.83002982,,,,
106.2452896,,,,
108.3955848,,,,
126.3898664,,,,
137.7242361,,,,
159.371347,,,,
73.17381981,,,,
56.59864237,,,,
116.8276623,,,,
87.91336383,,,,
101.7233418,,,,
114.5124952,,,,
141.9760207,,,,
101.0486079,,,,
116.3304224,,,,
108.0179472,,,,
98.03319835,,,,
125.973189,,,,
92.17139533,,,,
104.6866025,,,,
85.41252852,,,,
150.7069279,,,,
66.50898161,,,,
147.0675745,,,,
131.301173,,,,
169.1074213,,,,
99.49042279,,,,
116.5039961,,,,
118.4896624,,,,
129.2102504,,,,
117.500417,,,,
106.9194108,,,,
124.7291207,,,,
122.1771634,,,,
138.8006664,,,,
161.5596606,,,,
120.6936918,,,,
71.85308331,,,,
160.6440574,,,,
92.08961754,,,,
135.643043,,,,
148.9480108,,,,
100.4602347,,,,
126.3167751,,,,
76.2125801,,,,
127.9451289,,,,
104.4091852,,,,
152.2224973,,,,
133.1181395,,,,
125.8596444,,,,
138.099862,,,,
79.21216148,,,,
137.9019749,,,,
108.4025436,,,,
98.89917924,,,,
127.1279539,,,,
123.8774179,,,,
92.99198738,,,,
85.47702744,,,,
108.0840866,,,,
97.67453677,,,,
92.20366241,,,,
96.16275841,,,,
108.9270575,,,,
109.9315951,,,,
120.7016673,,,,
121.5292807,,,,
135.4999685,,,,
122.6417653,,,,
113.3191953,,,,
83.06482358,,,,
114.5806729,,,,
141.7167246,,,,
86.28562035,,,,
155.6923357,,,,
102.4002661,,,,
126.8014728,,,,
81.78915443,,,,
108.8587733,,,,
113.6016517,,,,
98.03538904,,,,
83.66067157,,,,
149.4726329,,,,
112.6217087,,,,
121.908466,,,,
81.77513214,,,,
98.7939217,,,,
79.34915311,,,,
96.80329101,,,,
110.0577903,,,,
125.3328061,,,,
112.369073,,,,
112.4798625,,,,
105.3039347,,,,
152.2653714,,,,
121.0074937,,,,
105.5194025,,,,
92.41951786,,,,
130.3885183,,,,
184.1433553,,,,
142.8532082,,,,
79.76117443,,,,
98.95052536,,,,
156.1150152,,,,
90.71507969,,,,
120.9808982,,,,
99.87467346,,,,
132.6684649,,,,
131.1155067,,,,
164.9126337,,,,
96.79504315,,,,
68.13492913,,,,
134.7444352,,,,
74.06723249,,,,
104.3063569,,,,
108.2703077,,,,
102.5608883,,,,
149.6186286,,,,
137.7275979,,,,
94.93284081,,,,
118.9888334,,,,
96.28076168,,,,
127.4790201,,,,
127.294891,,,,
90.75625873,,,,
116.80333,,,,
146.5302667,,,,
111.7154586,,,,
129.5459827,,,,
144.7031107,,,,
146.8178262,,,,
89.90055478,,,,
117.4804451,,,,
158.8981751,,,,
90.96852388,,,,
120.6581931,,,,
92.61594456,,,,
111.2795251,,,,
106.6575072,,,,
138.094508,,,,
138.1822802,,,,
87.09525561,,,,
109.4014847,,,,
106.1892065,,,,
134.1428306,,,,
108.3492354,,,,
141.5563786,,,,
134.9738994,,,,
102.3535015,,,,
113.6664387,,,,
116.5404243,,,,
87.24529,,,,
82.69688084,,,,
127.1941059,,,,
107.1454228,,,,
144.5338539,,,,
86.13097778,,,,
101.9902305,,,,
107.4331699,,,,
140.8535116,,,,
124.302029,,,,
124.4200412,,,,
93.07450361,,,,
119.5726105,,,,
104.030919,,,,
109.2065775,,,,
103.3791839,,,,
103.174296,,,,
138.7342933,,,,
126.729736,,,,
104.9954861,,,,
106.2646515,,,,
161.3731043,,,,
152.4915005,,,,
95.45641519,,,,
107.6081968,,,,
85.31637543,,,,
139.7560082,,,,
105.8494599,,,,
94.73011474,,,,
107.047637,,,,
101.3240819,,,,
116.7420674,,,,
119.5895051,,,,
143.456669,,,,
123.8677287,,,,
111.5562932,,,,
122.903656,,,,
151.8513897,,,,
155.084407,,,,
136.3642732,,,,
119.3845102,,,,
90.36636549,,,,
103.0766332,,,,
73.11402368,,,,
123.4224397,,,,
77.1847183,,,,
124.3930613,,,,
110.5884565,,,,
99.79366499,,,,
100.3675113,,,,
105.1637102,,,,
143.3120331,,,,
121.4775114,,,,
104.1549677,,,,
99.32775728,,,,
150.5445442,,,,
122.7060519,,,,
116.1442384,,,,
115.8986426,,,,
100.5813647,,,,
102.7833892,,,,
99.26296536,,,,
102.5496091,,,,
131.4582744,,,,
95.97540111,,,,
99.12275579,,,,
93.30932201,,,,
124.6347406,,,,
106.6647841,,,,
89.68430216,,,,
93.19949768,,,,
101.6198762,,,,
100.2050488,,,,
98.70430499,,,,
94.70617865,,,,
87.10724278,,,,
116.9536066,,,,
110.6633174,,,,
80.83337947,,,,
112.2948871,,,,
131.4196161,,,,
137.6915433,,,,
108.8532355,,,,
118.8043771,,,,
94.46482576,,,,
88.27823132,,,,
124.644755,,,,
131.1570575,,,,
111.0268249,,,,
95.48293785,,,,
134.8602177,,,,
127.8037816,,,,
113.5077977,,,,
85.62557578,,,,
120.6012074,,,,
105.721601,,,,
128.8951967,,,,
106.7839717,,,,
119.7355321,,,,
107.2443428,,,,
90.28791937,,,,
89.96300618,,,,
137.3044892,,,,
106.4095272,,,,
145.3402796,,,,
118.6974256,,,,
89.88876436,,,,
102.7160224,,,,
113.6816261,,,,
134.6245347,,,,
92.7521923,,,,
142.9470065,,,,
112.6395789,,,,
89.94696852,,,,
109.4672663,,,,
79.65565346,,,,
116.3173927,,,,
106.1169276,,,,
140.9595582,,,,
82.20289308,,,,
114.5755613,,,,
116.6458288,,,,
128.9835196,,,,
89.75753888,,,,
108.3099127,,,,
137.1612282,,,,
99.87501403,,,,
113.4760537,,,,
101.6115523,,,,
102.2887681,,,,
128.9555757,,,,
137.3447165,,,,
84.7988761,,,,
99.61218262,,,,
110.6990291,,,,
138.0460864,,,,
158.445888,,,,
87.47893871,,,,
88.9114867,,,,
93.92419968,,,,
145.6027384,,,,
103.2587859,,,,
118.988639,,,,
101.8025752,,,,
103.160343,,,,
90.89757312,,,,
163.4419708,,,,
110.2024539,,,,
97.70841582,,,,
114.1674716,,,,
112.7146636,,,,
90.9264155,,,,
121.5052336,,,,
77.70442884,,,,
112.7987737,,,,
116.2523302,,,,
90.26152367,,,,
124.0233069,,,,
128.7952186,,,,
121.711265,,,,
91.94935093,,,,
107.4618809,,,,
158.7513763,,,,
98.49670058,,,,
127.8009982,,,,
113.6660219,,,,
107.220999,,,,
88.67805389,,,,
94.64455032,,,,
102.9078028,,,,
140.8420015,,,,
132.8714132,,,,
139.377506,,,,
85.31967661,,,,
100.2722806,,,,
142.0803932,,,,
124.2582071,,,,
122.8428917,,,,
124.2683435,,,,
124.4229413,,,,
87.91140712,,,,
92.94947816,,,,
119.3195241,,,,
118.8763219,,,,
98.47522813,,,,
102.4218798,,,,
113.8021436,,,,
108.6775463,,,,
98.53234156,,,,
113.6841881,,,,
82.4349711,,,,
123.8789461,,,,
101.4476605,,,,
105.8041668,,,,
101.0951713,,,,
162.8484473,,,,
112.3092433,,,,
122.3834046,,,,
85.28816955,,,,
84.37204039,,,,
95.65334195,,,,
106.618023,,,,
107.2780128,,,,
86.35406553,,,,
98.67504468,,,,
86.29603084,,,,
82.50772585,,,,
83.37942417,,,,
69.77546057,,,,
116.5240394,,,,
114.7509949,,,,
111.3298752,,,,
117.4643276,,,,
81.75574677,,,,
93.76051161,,,,
145.1552151,,,,
125.7384751,,,,
121.7419229,,,,
86.74903252,,,,
80.0916812,,,,
88.31011278,,,,
112.7706243,,,,
85.01159758,,,,
94.68871608,,,,
112.216341,,,,
112.9646751,,,,
147.3618071,,,,
78.39020668,,,,
77.03332298,,,,
104.1944794,,,,
121.7995508,,,,
74.42339936,,,,
87.82670684,,,,
89.73738991,,,,
87.01710083,,,,
86.3550769,,,,
90.72142006,,,,
82.28896592,,,,
136.3636245,,,,
76.73697926,,,,
99.80216138,,,,
85.92889987,,,,
89.30092845,,,,
101.5593129,,,,
95.13000135,,,,
107.389702,,,,
143.4494326,,,,
96.48604281,,,,
95.64517205,,,,
139.0856692,,,,
108.9531018,,,,
121.4121507,,,,
108.4549263,,,,
102.9229518,,,,
99.67203875,,,,
70.9756064,,,,
90.81517943,,,,
111.5170033,,,,
140.5215216,,,,
69.41953273,,,,
89.82013163,,,,
75.17286269,,,,
127.8086264,,,,
137.5373627,,,,
121.0142939,,,,
86.11946279,,,,
65.6063265,,,,
82.12042756,,,,
107.3168437,,,,
101.1836615,,,,
131.4072143,,,,
104.2784273,,,,
142.8690044,,,,
93.39695844,,,,
124.2733797,,,,
147.5988251,,,,
69.67437397,,,,
125.7047342,,,,
87.98900188,,,,
125.1859952,,,,
68.9170444,,,,
115.3706182,,,,
66.49271704,,,,
157.5701702,,,,
100.8950344,,,,
87.72172569,,,,
105.3473441,,,,
108.172637,,,,
107.3419809,,,,
131.7684938,,,,
129.4892701,,,,
104.0824434,,,,
116.8961599,,,,
95.97090034,,,,
112.0661329,,,,
115.0450605,,,,
79.46556297,,,,
133.8284727,,,,
139.4983608,,,,
128.6422203,,,,
145.6127955,,,,
105.0075234,,,,
123.8962692,,,,
131.6031464,,,,
107.1851227,,,,
112.8995859,,,,
85.2653763,,,,
104.4957627,,,,
125.2995992,,,,
109.8062721,,,,
81.39887793,,,,
103.0727725,,,,
104.9023354,,,,
77.98264807,,,,
152.3137324,,,,
94.02326801,,,,
106.2158683,,,,
112.7897059,,,,
111.9806138,,,,
101.100845,,,,
119.8921851,,,,
87.82372245,,,,
98.8365239,,,,
93.5644622,,,,
93.29163244,,,,
82.67435442,,,,
111.4050347,,,,
89.47338352,,,,
126.3015601,,,,
122.4181122,,,,
79.18829217,,,,
91.3695043,,,,
122.9295814,,,,
96.3719751,,,,
76.43806028,,,,
132.9830356,,,,
92.12409229,,,,
92.85735288,,,,
103.0964208,,,,
110.9762265,,,,
106.0450328,,,,
125.5016792,,,,
93.11915676,,,,
140.4853387,,,,
100.8888192,,,,
90.254042,,,,
126.1251922,,,,
82.51959834,,,,
86.09595711,,,,
83.32492235,,,,
130.249951,,,,
93.01581221,,,,
89.56603215,,,,
137.7437957,,,,
114.427028,,,,
128.9580842,,,,
73.19246132,,,,
132.3651471,,,,
106.1607367,,,,
77.27392464,,,,
98.36392678,,,,
101.2791165,,,,
85.00218699,,,,
124.2501561,,,,
103.9516128,,,,
108.6162144,,,,
143.4716813,,,,
107.9524128,,,,
150.530849,,,,
104.1378515,,,,
100.0281339,,,,
80.02992846,,,,
121.5310514,,,,
111.0450917,,,,
82.76776106,,,,
129.8922599,,,,
94.50567489,,,,
102.4576412,,,,
92.47037883,,,,
101.7959349,,,,
104.7741868,,,,
79.65148607,,,,
126.4000206,,,,
102.872093,,,,
91.37433412,,,,
139.7598427,,,,
72.67770137,,,,
87.73106762,,,,
110.9043102,,,,
145.7685158,,,,
129.4575355,,,,
102.777338,,,,
105.7230235,,,,
129.925039,,,,
88.77549923,,,,
88.12161467,,,,
131.6483181,,,,
85.73168464,,,,
72.19614419,,,,
74.70262249,,,,
78.57244467,,,,
104.2429714,,,,
112.0743244,,,,
124.0942757,,,,
134.6340024,,,,
96.81002704,,,,
156.2360247,,,,
94.16539545,,,,
85.33243689,,,,
78.7299613,,,,
78.69439769,,,,
90.20634062,,,,
69.02714439,,,,
149.7795311,,,,
104.6157137,,,,
83.73426383,,,,
81.86986877,,,,
134.9178881,,,,
120.6873006,,,,
108.3606438,,,,
90.09423572,,,,
111.2951647,,,,
62.92225418,,,,
103.3929018,,,,
98.20469805,,,,
83.98507267,,,,
75.85775937,,,,
100.2212592,,,,
96.41547722,,,,
111.6408847,,,,
100.5898951,,,,
116.064941,,,,
101.1951322,,,,
91.71770122,,,,
65.46128818,,,,
123.6696919,,,,
99.97786469,,,,
85.32930238,,,,
123.9742618,,,,
91.92998028,,,,
87.82200733,,,,
74.61700181,,,,
106.2491682,,,,
112.2468485,,,,
85.40757694,,,,
109.4776574,,,,
99.42186377,,,,
102.9790581,,,,
119.8859343,,,,
84.67482282,,,,
98.00711442,,,,
99.0116741,,,,
99.32546671,,,,
115.565371,,,,
92.7177035,,,,
110.2945684,,,,
94.80648271,,,,
117.5638877,,,,
83.54464587,,,,
120.4914633,,,,
89.68936087,,,,
74.47792239,,,,
74.02483755,,,,
125.4050439,,,,
103.0588205,,,,
82.97474017,,,,
76.41505605,,,,
112.8208078,,,,
112.4612886,,,,
92.6333675,,,,
84.31576847,,,,
109.4641488,,,,
105.4735382,,,,
85.02952053,,,,
115.6711203,,,,
108.5409608,,,,
116.6091893,,,,
114.0457648,,,,
125.2688199,,,,
90.73878023,,,,
80.52782446,,,,
96.27646918,,,,
102.3123975,,,,
102.0648644,,,,
83.54857889,,,,
97.8707991,,,,
154.6276236,,,,
89.20032175,,,,
108.6020026,,,,
91.38616793,,,,
89.18833414,,,,
107.9375815,,,,
137.9525116,,,,
107.9101198,,,,
105.8531891,,,,
117.8575014,,,,
129.2716076,,,,
131.4619764,,,,
118.5975582,,,,
103.0819482,,,,
83.12225049,,,,
98.61387974,,,,
104.9210909,,,,
108.2671124,,,,
108.6770183,,,,
85.2748475,,,,
104.2951011,,,,
89.79559077,,,,
107.1741387,,,,
89.54232775,,,,
87.26409085,,,,
96.90271504,,,,
116.8887318,,,,
84.88464114,,,,
106.7548781,,,,
99.1500018,,,,
103.3423548,,,,
75.3066959,,,,
64.28499946,,,,
137.7067174,,,,
98.8109896,,,,
105.5008266,,,,
105.2589537,,,,
123.1740411,,,,
96.43306627,,,,
106.3390161,,,,
138.3129863,,,,
67.58495938,,,,
90.22108745,,,,
76.48290227,,,,
139.2057003,,,,
113.2723781,,,,
137.4391508,,,,
97.12900862,,,,
102.3553089,,,,
78.98721267,,,,
102.3875238,,,,
115.7556102,,,,
92.87911746,,,,
116.1891051,,,,
98.87671559,,,,
107.3488074,,,,
79.12296157,,,,
78.59151709,,,,
65.99038705,,,,
94.88380315,,,,
101.6171116,,,,
122.6058541,,,,
148.4321966,,,,
115.1193146,,,,
110.0565607,,,,
102.2841352,,,,
99.57271564,,,,
95.20216978,,,,
74.39053619,,,,
70.88143787,,,,
104.4808862,,,,
104.3125556,,,,
141.0771569,,,,
96.19627268,,,,
111.0985227,,,,
82.22613814,,,,
98.45336051,,,,
100.7618697,,,,
144.8855239,,,,
99.10610253,,,,
105.3567164,,,,
81.1368626,,,,
91.41859627,,,,
126.6476757,,,,
155.4599883,,,,
100.4969123,,,,
76.24220745,,,,
111.9555078,,,,
102.7891531,,,,
110.4815988,,,,
94.34733644,,,,
110.9845534,,,,
88.52963505,,,,
103.7778363,,,,
92.8830542,,,,
92.24061675,,,,
90.11350601,,,,
69.38932691,,,,
109.6398316,,,,
105.1916443,,,,
103.8780756,,,,
98.38045996,,,,
68.47266998,,,,
123.8874955,,,,
115.7220482,,,,
82.44699804,,,,
117.8968789,,,,
99.81617756,,,,
101.3396325,,,,
113.6414359,,,,
126.9653781,,,,
110.8820342,,,,
100.8990668,,,,
126.3839992,,,,
84.79773504,,,,
87.89232102,,,,
101.1151058,,,,
109.0179145,,,,
72.7480571,,,,
108.8058759,,,,
116.1412,,,,
114.1228586,,,,
77.78252157,,,,
103.6643375,,,,
93.15347791,,,,
69.61021739,,,,
85.05536957,,,,
90.06739209,,,,
136.895569,,,,
95.57054842,,,,
63.70151886,,,,
93.45626798,,,,
72.28418292,,,,
110.8684337,,,,
87.31942584,,,,
143.1422693,,,,
97.84500103,,,,
84.80525024,,,,
117.5535864,,,,
91.32238842,,,,
86.41542472,,,,
92.26383032,,,,
93.85981579,,,,
104.6766388,,,,
85.88097231,,,,
125.3072085,,,,
100.5618662,,,,
93.3635967,,,,
94.95889204,,,,
99.87889803,,,,
96.78738118,,,,
114.5134429,,,,
102.9748113,,,,
68.74171964,,,,
86.6518651,,,,
132.2481365,,,,
134.3921677,,,,
112.1137931,,,,
93.46640811,,,,
109.2752851,,,,
89.07531316,,,,
103.9856211,,,,
112.9164092,,,,
102.8335743,,,,
57.59905626,,,,
71.68701686,,,,
78.60219782,,,,
84.31768807,,,,
86.61906904,,,,
95.31350388,,,,
93.92908002,,,,
89.52279828,,,,
151.1193181,,,,
98.5330739,,,,
91.70933912,,,,
92.39239624,,,,
105.4702823,,,,
75.51217848,,,,
89.71080167,,,,
78.93649657,,,,
112.59453,,,,
71.97880705,,,,
83.65911677,,,,
53.35473864,,,,
93.41719545,,,,
71.16740088,,,,
91.63897378,,,,
116.906998,,,,
122.831576,,,,
118.7206507,,,,
118.508693,,,,
92.21425377,,,,
100.0056041,,,,
99.58931723,,,,
103.4860356,,,,
76.8757803,,,,
71.1632375,,,,
132.9969517,,,,
89.17869891,,,,
93.20393883,,,,
121.920152,,,,
95.73007138,,,,
105.6031495,,,,
86.01956047,,,,
86.29436892,,,,
90.19548732,,,,
97.29756239,,,,
75.29022526,,,,
148.3854961,,,,
103.1458188,,,,
72.30813339,,,,
101.4890287,,,,
121.1555169,,,,
77.46564953,,,,
105.0026614,,,,
103.4512683,,,,
96.13172972,,,,
104.5850893,,,,
96.61197728,,,,
123.1591898,,,,
107.1229966,,,,
87.32711644,,,,
95.02078898,,,,
121.9827614,,,,
116.3393613,,,,
89.75267367,,,,
81.04417521,,,,
103.2120868,,,,
91.25400658,,,,
103.0555204,,,,
116.172185,,,,
107.1955416,,,,
67.66278977,,,,
104.0473145,,,,
107.7916473,,,,
96.31571715,,,,
94.13226421,,,,
112.0705752,,,,
100.6557029,,,,
88.59147716,,,,
97.3859864,,,,
115.4385402,,,,
82.06589189,,,,
120.0430027,,,,
95.02011818,,,,
76.05147598,,,,
104.5569931,,,,
112.852613,,,,
82.47041431,,,,
95.4510458,,,,
114.7645323,,,,
123.3660876,,,,
111.6819687,,,,
115.1788008,,,,
100.5292222,,,,
68.69728185,,,,
128.5862729,,,,
86.64190651,,,,
107.5422386,,,,
79.84012785,,,,
139.0388058,,,,
81.83060534,,,,
122.4302703,,,,
109.119587,,,,
77.08969145,,,,
90.9228973,,,,
99.41464389,,,,
98.85730248,,,,
95.96852636,,,,
87.86079756,,,,
108.7693242,,,,
74.78780378,,,,
99.67669508,,,,
81.82529231,,,,
117.1263654,,,,
66.9527859,,,,
85.17110614,,,,
113.1821313,,,,
108.0673818,,,,
91.91982654,,,,
125.0304339,,,,
78.00368346,,,,
119.0230517,,,,
106.1290261,,,,
85.65003445,,,,
107.1345577,,,,
127.8164426,,,,
117.2918581,,,,
90.84133022,,,,
115.8929614,,,,
120.3805765,,,,
134.1868228,,,,
90.20492792,,,,
91.68782003,,,,
71.25089246,,,,
127.9907247,,,,
96.45736551,,,,
98.10433952,,,,
82.27857084,,,,
96.53620292,,,,
106.2216862,,,,
112.5405187,,,,
88.16530216,,,,
79.49896031,,,,
87.51410094,,,,
97.02027689,,,,
126.9599321,,,,
88.72498012,,,,
96.56204154,,,,
109.0443753,,,,
69.2559754,,,,
117.2112083,,,,
135.1142607,,,,
91.77220752,,,,
120.35165,,,,
68.36026313,,,,
90.68022947,,,,
97.5205367,,,,
101.2997392,,,,
111.4486253,,,,
117.9555461,,,,
96.99187491,,,,
100.6051596,,,,
83.70102567,,,,
129.1940341,,,,
109.1610666,,,,
132.0258079,,,,
112.8074201,,,,
101.7188549,,,,
127.4129104,,,,
116.5583041,,,,
88.94101577,,,,
79.70453523,,,,
96.2773904,,,,
88.96980615,,,,
84.58551938,,,,
88.99866457,,,,
88.13889322,,,,
96.343839,,,,
113.4784953,,,,
66.23144301,,,,
95.76967472,,,,
99.38890388,,,,
125.5703694,,,,
68.29105338,,,,
121.8069818,,,,
74.71826606,,,,
88.11424428,,,,
129.9186496,,,,
141.4305206,,,,
129.2317424,,,,
79.8616883,,,,
95.04540533,,,,
110.4548554,,,,
96.78601663,,,,
117.9035098,,,,
125.6730417,,,,
79.12314089,,,,
70.1244106,,,,
123.7878697,,,,
92.45349239,,,,
122.7399393,,,,
95.36085384,,,,
93.03383603,,,,
82.31229568,,,,
54.74574603,,,,
75.25040544,,,,
75.13990212,,,,
108.0384075,,,,
68.50699961,,,,
87.46400602,,,,
111.8588355,,,,
97.34341524,,,,
91.42147465,,,,
100.1148903,,,,
64.59272044,,,,
105.5068274,,,,
128.6113479,,,,
69.92980664,,,,
84.0013673,,,,
120.3898564,,,,
79.89908577,,,,
81.26334209,,,,
99.54245389,,,,
81.10394944,,,,
81.50286344,,,,
93.54574656,,,,
70.28562274,,,,
111.3650711,,,,
86.55115875,,,,
100.9728667,,,,
106.7358457,,,,
96.472189,,,,
56.64248615,,,,
82.22316454,,,,
119.132832,,,,
99.77574918,,,,
72.92781103,,,,
97.94001448,,,,
95.95138189,,,,
109.4631042,,,,
74.53202869,,,,
95.67328633,,,,
93.05411603,,,,
91.42857963,,,,
70.48493301,,,,
87.63263408,,,,
85.97137525,,,,
117.4369506,,,,
137.8286215,,,,
77.31234628,,,,
60.04724388,,,,
79.26283285,,,,
72.28903903,,,,
87.18899676,,,,
84.26246279,,,,
81.28031775,,,,
86.96331551,,,,
96.03997744,,,,
112.8668391,,,,
117.5967986,,,,
93.70699038,,,,
91.41519022,,,,
92.86290091,,,,
76.41563954,,,,
118.4296255,,,,
90.64080858,,,,
99.43941033,,,,
101.0560088,,,,
79.12020241,,,,
82.38954473,,,,
128.2897661,,,,
88.61947455,,,,
67.44781359,,,,
95.66938907,,,,
72.82487521,,,,
88.79525731,,,,
109.7637928,,,,
89.87413146,,,,
82.52138513,,,,
86.44044575,,,,
76.84508245,,,,
102.5440911,,,,
84.36944904,,,,
117.9273572,,,,
103.1565433,,,,
95.86674613,,,,
85.16771953,,,,
89.53714445,,,,
121.7058575,,,,
103.403681,,,,
99.08247308,,,,
99.79079544,,,,
105.1291757,,,,
85.36057969,,,,
95.24657633,,,,
75.47208346,,,,
109.0337142,,,,
101.5109695,,,,
106.0901507,,,,
61.54459628,,,,
76.73893061,,,,
85.08909891,,,,
74.40203505,,,,
87.18338846,,,,
92.93770649,,,,
77.6100045,,,,
79.85594004,,,,
94.39914907,,,,
101.9707069,,,,
102.1710757,,,,
71.69378429,,,,
90.61559865,,,,
63.43964105,,,,
118.9265505,,,,
100.775243,,,,
121.9237142,,,,
76.0313613,,,,
97.32363906,,,,
75.48453003,,,,
78.02492298,,,,
82.80907785,,,,
105.595609,,,,
120.7952874,,,,
79.30918726,,,,
119.758179,,,,
80.02912808,,,,
123.2503211,,,,
85.51247969,,,,
99.83024294,,,,
91.03194938,,,,
120.5924568,,,,
123.3174308,,,,
97.50389641,,,,
101.3092149,,,,
105.7850328,,,,
77.04980087,,,,
79.55846855,,,,
104.515145,,,,
75.14679714,,,,
85.31214603,,,,
131.6983895,,,,
89.7920945,,,,
83.4029306,,,,
101.2472007,,,,
61.35650291,,,,
96.61500301,,,,
80.85868484,,,,
101.8807131,,,,
106.4680196,,,,
84.14386776,,,,
71.58471049,,,,
105.8966647,,,,
88.23017861,,,,
80.65874543,,,,
135.2601663,,,,
100.6671584,,,,
86.30347596,,,,
106.8113513,,,,
103.9135061,,,,
64.73649709,,,,
106.1821483,,,,
72.53267237,,,,
81.02282392,,,,
115.580764,,,,
60.9119255,,,,
64.71452248,,,,
113.6830418,,,,
84.51083556,,,,
110.498469,,,,
138.3093751,,,,
69.63817575,,,,
124.2708715,,,,
99.9343527,,,,
107.8396453,,,,
124.2433821,,,,
91.50178087,,,,
106.1802203,,,,
90.60122339,,,,
82.23176635,,,,
115.1189128,,,,
66.27229036,,,,
90.8549748,,,,
105.6749433,,,,
84.4465224,,,,
66.33630816,,,,
62.94188371,,,,
94.65131011,,,,
109.4614258,,,,
79.19284121,,,,
92.79248291,,,,
87.41657854,,,,
125.6800764,,,,
111.2894619,,,,
125.2061954,,,,
73.59092779,,,,
88.3988717,,,,
82.97835624,,,,
110.0300828,,,,
85.19340407,,,,
126.5116802,,,,
75.98788934,,,,
61.76959733,,,,
82.24784716,,,,
90.11086747,,,,
114.5993599,,,,
119.6172766,,,,
108.511068,,,,
98.39555572,,,,
101.4307832,,,,
116.5034695,,,,
94.42444274,,,,
105.087717,,,,
123.6429212,,,,
97.97057895,,,,
124.9015782,,,,
101.262083,,,,
78.12001342,,,,
103.5473825,,,,
98.84416842,,,,
69.8079267,,,,
50.51444163,,,,
71.52652391,,,,
129.3751354,,,,
96.75914026,,,,
104.3117699,,,,
90.17188638,,,,
89.84406129,,,,
88.49957301,,,,
86.56658254,,,,
87.94745257,,,,
98.64909057,,,,
91.71421531,,,,
79.21759956,,,,
77.6608092,,,,
109.7985435,,,,
58.99762572,,,,
92.34607312,,,,
98.55738634,,,,
67.2973692,,,,
102.4468717,,,,
95.88033769,,,,
87.1701202,,,,
83.54715155,,,,
75.39909671,,,,
93.81347874,,,,
110.2626949,,,,
103.4497446,,,,
93.28365962,,,,
75.51979444,,,,
78.21553294,,,,
80.84798344,,,,
100.9114486,,,,
60.44205581,,,,
95.17681579,,,,
85.54139352,,,,
72.01999215,,,,
99.13038617,,,,
117.4333632,,,,
109.7226839,,,,
127.0589371,,,,
84.77773697,,,,
91.46739094,,,,
91.24496213,,,,
78.60233178,,,,
94.05371033,,,,
92.41363349,,,,
95.87033519,,,,
136.5445279,,,,
71.26463039,,,,
73.36166909,,,,
84.63986702,,,,
74.30529869,,,,
110.4180285,,,,
123.0872886,,,,
89.05169826,,,,
73.61549573,,,,
110.2661564,,,,
82.5751651,,,,
94.37615485,,,,
93.52086922,,,,
99.42053403,,,,
96.94972878,,,,
89.92905206,,,,
65.43073316,,,,
104.0239807,,,,
50.31198469,,,,
103.6680854,,,,
59.35841718,,,,
92.61373948,,,,
103.842551,,,,
91.73923426,,,,
74.08367532,,,,
88.94135273,,,,
125.3195749,,,,
99.52921682,,,,
70.0385218,,,,
113.173893,,,,
128.0141185,,,,
71.34808035,,,,
100.5580031,,,,
97.04448328,,,,
84.44280517,,,,
62.96730814,,,,
77.41821286,,,,
90.91692212,,,,
58.01159773,,,,
70.28853557,,,,
86.43548556,,,,
82.24736763,,,,
104.0756706,,,,
77.48953743,,,,
89.47901151,,,,
97.08841915,,,,
119.7139526,,,,
67.48720762,,,,
120.6794449,,,,
82.4819518,,,,
74.65873728,,,,
97.18106837,,,,
82.72933953,,,,
105.608269,,,,
85.50941727,,,,
70.52416994,,,,
91.27940395,,,,
68.87169721,,,,
110.2082624,,,,
86.64628957,,,,
82.27426251,,,,
98.82118353,,,,
91.3313432,,,,
99.58689223,,,,
76.77266511,,,,
95.43394147,,,,
90.99472647,,,,
75.65196678,,,,
102.0896457,,,,
86.26711645,,,,
95.04449317,,,,
88.54756923,,,,
93.06037234,,,,
118.0269333,,,,
75.23150891,,,,
109.1450501,,,,
129.8337648,,,,
123.4154805,,,,
79.46387684,,,,
100.0328187,,,,
110.2410542,,,,
83.00492412,,,,
129.903317,,,,
66.51806796,,,,
91.40075387,,,,
86.44171827,,,,
95.11416901,,,,
129.3448086,,,,
90.81541471,,,,
85.51571624,,,,
93.51585667,,,,
94.41110077,,,,
88.1474551,,,,
86.04772403,,,,
64.11791118,,,,
104.0156878,,,,
83.15626156,,,,
107.9548641,,,,
77.62272655,,,,
110.7817578,,,,
119.0981013,,,,
92.92238036,,,,
80.04109661,,,,
103.1546867,,,,
76.51559234,,,,
82.98432182,,,,
90.08471802,,,,
73.1575073,,,,
126.8450635,,,,
109.3562525,,,,
117.8912511,,,,
79.34091273,,,,
95.59253636,,,,
115.6655626,,,,
70.51893614,,,,
83.20969693,,,,
103.3845725,,,,
95.28271711,,,,
86.19397506,,,,
81.17251952,,,,
89.84312294,,,,
65.48814242,,,,
83.15479398,,,,
81.17453778,,,,
104.4437011,,,,
98.32551847,,,,
128.6355788,,,,
114.0445492,,,,
110.7089991,,,,
97.35055436,,,,
80.12084493,,,,
61.44977885,,,,
75.78108276,,,,
106.5011547,,,,
95.35915302,,,,
113.2719649,,,,
97.7602317,,,,
75.59564224,,,,
90.48785497,,,,
72.58861205,,,,
57.75406635,,,,
108.5029932,,,,
98.75359649,,,,
105.3622597,,,,
101.5434069,,,,
68.36603731,,,,
80.72678634,,,,
81.686532,,,,
99.95690199,,,,
83.4915872,,,,
88.3087268,,,,
70.38243864,,,,
69.36777418,,,,
90.08771515,,,,
87.80395766,,,,
95.17361325,,,,
84.38804488,,,,
88.7069649,,,,
122.9896755,,,,
126.1549271,,,,
74.98478491,,,,
73.09553685,,,,
87.13639611,,,,
80.92027963,,,,
70.70275764,,,,
65.23776677,,,,
76.53423507,,,,
74.79960197,,,,
48.79168853,,,,
90.312732,,,,
98.03449164,,,,
113.8470695,,,,
73.96845437,,,,
89.31625947,,,,
65.28857399,,,,
103.6807497,,,,
106.9658089,,,,
69.63934052,,,,
79.20329543,,,,
87.0332522,,,,
99.0084565,,,,
93.27521174,,,,
67.26265732,,,,
87.62692378,,,,
74.33966019,,,,
75.61163393,,,,
95.25420509,,,,
102.4027655,,,,
78.94907616,,,,
65.62643791,,,,
82.82920089,,,,
64.58555324,,,,
87.63513777,,,,
84.32382692,,,,
76.46396936,,,,
90.6646216,,,,
80.1726823,,,,
60.22022379,,,,
82.0748922,,,,
88.40346104,,,,
91.87166201,,,,
129.6339434,,,,
101.9052768,,,,
102.8832508,,,,
96.56991127,,,,
94.60247811,,,,
71.56791535,,,,
74.85834721,,,,
83.41414399,,,,
92.77832015,,,,
95.60271117,,,,
68.66893028,,,,
95.21551984,,,,
112.1630801,,,,
78.50027824,,,,
76.85714704,,,,
85.03108822,,,,
87.37511027,,,,
59.58330483,,,,
59.439442,,,,
103.0886401,,,,
123.6652929,,,,
95.97856558,,,,
112.397597,,,,
60.41252131,,,,
93.67275096,,,,
81.83175777,,,,
54.84773093,,,,
79.81163105,,,,
68.3296845,,,,
95.48254539,,,,
107.0148917,,,,
99.18770357,,,,
84.99236718,,,,
71.11420171,,,,
86.62684074,,,,
85.09836835,,,,
100.9929371,,,,
68.87097252,,,,
55.28268201,,,,
103.4982743,,,,
75.81575518,,,,
53.28669582,,,,
77.02196358,,,,
81.92724881,,,,
82.49915751,,,,
118.2911872,,,,
48.42944859,,,,
93.07194874,,,,
64.10300444,,,,
57.92610649,,,,
107.7071603,,,,
125.7345723,,,,
57.13089353,,,,
75.4513029,,,,
88.17820855,,,,
74.07833594,,,,
57.30926601,,,,
80.96064328,,,,
62.9607913,,,,
123.2396417,,,,
114.175384,,,,
72.46534427,,,,
98.97564443,,,,
105.1920461,,,,
91.93762996,,,,
53.84749764,,,,
72.25215907,,,,
74.89889082,,,,
84.89129303,,,,
83.22464277,,,,
62.71969563,,,,
95.28972846,,,,
87.3993036,,,,
91.52202097,,,,
66.78076237,,,,
73.94805161,,,,
85.49348203,,,,
54.90860105,,,,
85.09607543,,,,
66.26660165,,,,
89.79421877,,,,
94.32236177,,,,
60.24877416,,,,
55.18333131,,,,
97.98193067,,,,
76.76257807,,,,
98.0654305,,,,
98.79375996,,,,
73.43635762,,,,
75.49640167,,,,
90.26598658,,,,
70.09145688,,,,
60.43444147,,,,
84.04355572,,,,
73.53074936,,,,
107.9432567,,,,
77.12234129,,,,
91.27522269,,,,
92.547855,,,,
85.69644009,,,,
87.75952101,,,,
105.0601765,,,,
102.3640978,,,,
104.2865624,,,,
92.29854616,,,,
77.10851854,,,,
92.52159541,,,,
115.894181,,,,
81.93283513,,,,
86.67359679,,,,
71.4235234,,,,
96.86556896,,,,
108.3002546,,,,
64.68368954,,,,
97.42140622,,,,
67.9572142,,,,
78.13709764,,,,
121.313584,,,,
68.30186476,,,,
110.7977489,,,,
79.52607676,,,,
75.09525761,,,,
75.49910451,,,,
99.18151011,,,,
76.28869629,,,,
80.3145205,,,,
59.29237957,,,,
136.6212942,,,,
70.59191481,,,,
67.48388182,,,,
75.91909993,,,,
82.59502207,,,,
96.51322496,,,,
94.2402884,,,,
89.79097351,,,,
89.24620378,,,,
102.7986479,,,,
82.541316,,,,
78.08220991,,,,
87.33501999,,,,
87.26343783,,,,
54.92785486,,,,
89.99890294,,,,
96.86974733,,,,
83.84097802,,,,
81.49302189,,,,
106.342869,,,,
144.9730982,,,,
91.5836518,,,,
99.70373955,,,,
75.38023803,,,,
50.6717038,,,,
93.34718912,,,,
70.69170028,,,,
77.49824673,,,,
74.23930637,,,,
78.61648292,,,,
55.84479288,,,,
73.51680173,,,,
91.53755218,,,,
95.74580989,,,,
65.38106533,,,,
108.7837791,,,,
101.1474705,,,,
91.90844981,,,,
60.70441914,,,,
113.7548005,,,,
83.27829284,,,,
89.5105278,,,,
89.55480049,,,,
74.4447935,,,,
75.12644696,,,,
53.66564138,,,,
94.20719417,,,,
84.59801318,,,,
81.73765428,,,,
108.9633499,,,,
102.0444553,,,,
98.89405614,,,,
69.11049032,,,,
96.8890589,,,,
106.2723141,,,,
103.153744,,,,
96.6591984,,,,
60.11778591,,,,
50.13637821,,,,
62.81983298,,,,
94.25844973,,,,
99.36461089,,,,
83.08928226,,,,
88.31869424,,,,
93.6104142,,,,
94.75215676,,,,
75.34162701,,,,
93.17007015,,,,
68.08966383,,,,
79.50805569,,,,
77.83580737,,,,
67.46260662,,,,
65.66107237,,,,
91.28046836,,,,
70.50911709,,,,
89.74350343,,,,
79.16010502,,,,
76.74834293,,,,
91.1629742,,,,
77.58213199,,,,
89.63794085,,,,
71.91777358,,,,
86.92260586,,,,
87.65172313,,,,
77.97895383,,,,
72.81110883,,,,
82.63602585,,,,
105.3781778,,,,
80.92459571,,,,
43.71865267,,,,
76.21253685,,,,
71.48265563,,,,
72.96103827,,,,
62.26702784,,,,
91.4630398,,,,
84.89803777,,,,
56.06139692,,,,
81.76322425,,,,
85.86803893,,,,
55.40847464,,,,
101.2097511,,,,
115.6853107,,,,
86.09196996,,,,
47.03164413,,,,
75.34822159,,,,
57.62743528,,,,
91.6872153,,,,
76.53488209,,,,
75.28487413,,,,
98.76516224,,,,
95.59375375,,,,
77.52523152,,,,
79.49947712,,,,
92.96963822,,,,
92.12799134,,,,
104.7840914,,,,
77.35073063,,,,
50.53223785,,,,
74.6363372,,,,
70.51432609,,,,
82.09604129,,,,
74.5203079,,,,
57.006974,,,,
92.94152339,,,,
56.54249251,,,,
83.02382369,,,,
70.28497349,,,,
66.05312901,,,,
90.40633598,,,,
126.7059052,,,,
78.45255372,,,,
90.33475129,,,,
60.38127319,,,,
68.71126138,,,,
64.22696257,,,,
79.77079426,,,,
69.00798572,,,,
73.58155388,,,,
112.6504729,,,,
77.83008698,,,,
134.3042707,,,,
51.43495877,,,,
80.1820487,,,,
78.56407193,,,,
57.51642701,,,,
89.99000614,,,,
81.07267529,,,,
111.8476023,,,,
90.91828123,,,,
88.98526522,,,,
92.89851524,,,,
112.0834402,,,,
92.09694438,,,,
78.50998091,,,,
77.45449361,,,,
81.65166344,,,,
64.09894155,,,,
74.12068212,,,,
97.12652928,,,,
63.01700245,,,,
103.4011107,,,,
77.52595544,,,,
98.56597533,,,,
104.7482377,,,,
47.38842,,,,
82.46342579,,,,
90.50810756,,,,
66.14070775,,,,
91.50470764,,,,
87.96167237,,,,
98.3772577,,,,
98.207678,,,,
109.0608661,,,,
63.57393438,,,,
77.36157597,,,,
57.92555323,,,,
86.72918177,,,,
104.1237969,,,,
87.76086712,,,,
83.02629783,,,,
87.79229301,,,,
81.79828254,,,,
64.01932838,,,,
80.6435262,,,,
63.17443756,,,,
82.82118718,,,,
66.5159764,,,,
92.72202718,,,,
81.56612365,,,,
97.89013638,,,,
61.23329187,,,,
102.2709841,,,,
81.29063868,,,,
62.89374306,,,,
71.71530185,,,,
66.91431297,,,,
64.66774593,,,,
89.12588285,,,,
68.86437705,,,,
112.0792188,,,,
100.8902617,,,,
93.8819198,,,,
100.6137361,,,,
83.92332448,,,,
82.89605034,,,,
87.67350361,,,,
69.54418937,,,,
79.03980991,,,,
81.97839945,,,,
108.47226,,,,
64.08553818,,,,
78.53071621,,,,
82.22255201,,,,
81.25893856,,,,
108.5104915,,,,
78.2430813,,,,
58.59270003,,,,
91.3439775,,,,
64.70358578,,,,
90.6652162,,,,
82.84766798,,,,
97.48335471,,,,
123.5533582,,,,
63.96650722,,,,
59.40159757,,,,
68.93626951,,,,
130.6978199,,,,
104.2799887,,,,
63.29203634,,,,
69.29983921,,,,
97.16471124,,,,
82.86186212,,,,
122.5454041,,,,
56.12211023,,,,
67.79118188,,,,
61.01130536,,,,
82.68965672,,,,
60.40048466,,,,
79.30696201,,,,
80.53436524,,,,
73.40747711,,,,
98.67556251,,,,
57.38150354,,,,
89.26704355,,,,
82.70777963,,,,
73.96907351,,,,
52.71675552,,,,
85.20032723,,,,
76.24267537,,,,
47.60393045,,,,
62.21059891,,,,
96.33782399,,,,
102.1026196,,,,
80.55707679,,,,
83.05407675,,,,
74.68650161,,,,
68.30809258,,,,
83.05414634,,,,
74.15596311,,,,
96.20068039,,,,
73.37358631,,,,
80.77252194,,,,
61.52495787,,,,
92.44397683,,,,
98.25707457,,,,
82.74137337,,,,
78.45117771,,,,
74.79946754,,,,
71.22345249,,,,
49.19052426,,,,
52.85792784,,,,
68.00094522,,,,
77.57126316,,,,
68.0624447,,,,
64.83842994,,,,
87.56778002,,,,
59.53191514,,,,
74.27400678,,,,
85.42739073,,,,
108.3637873,,,,
62.94159509,,,,
112.2820245,,,,
83.86862339,,,,
83.5265944,,,,
54.76966918,,,,
80.46175036,,,,
70.77531025,,,,
90.96228723,,,,
50.48989254,,,,
87.92198927,,,,
62.5661749,,,,
93.77889764,,,,
76.13527746,,,,
60.13383381,,,,
94.87160374,,,,
98.69745109,,,,
97.05482332,,,,
86.02856124,,,,
82.269277,,,,
77.05065415,,,,
59.08341311,,,,
75.59995206,,,,
73.65402922,,,,
68.80485385,,,,
84.11059175,,,,
89.74831513,,,,
100.8017209,,,,
66.94457926,,,,
82.9417085,,,,
77.32425506,,,,
87.47402541,,,,
76.9558543,,,,
96.06416514,,,,
84.5935045,,,,
66.48155985,,,,
100.5275126,,,,
91.69620434,,,,
85.1337779,,,,
92.31814569,,,,
104.7427176,,,,
84.33590455,,,,
72.75729878,,,,
64.37049967,,,,
88.37580066,,,,
70.53357854,,,,
71.72680108,,,,
78.01551455,,,,
62.65818731,,,,
132.1613962,,,,
70.92893265,,,,
62.83222263,,,,
82.85287845,,,,
71.88281319,,,,
71.14912782,,,,
125.1676575,,,,
81.9103222,,,,
62.76119146,,,,
78.23839332,,,,
97.51492126,,,,
91.03202383,,,,
90.24686404,,,,
73.21798172,,,,
85.23237472,,,,
90.33810686,,,,
69.68107604,,,,
85.35302981,,,,
66.46559094,,,,
63.16240267,,,,
79.73152489,,,,
67.73406776,,,,
104.5271438,,,,
74.19438455,,,,
76.85829843,,,,
98.02428029,,,,
87.79022787,,,,
75.72653058,,,,
63.81219587,,,,
90.15132554,,,,
76.12960589,,,,
61.27583274,,,,
58.3077372,,,,
88.54221489,,,,
80.74134077,,,,
78.52470536,,,,
71.50173337,,,,
90.25276811,,,,
95.37554971,,,,
73.71239802,,,,
91.51618866,,,,
98.62904628,,,,
45.14473511,,,,
73.97919865,,,,
66.51704151,,,,
76.20156309,,,,
97.24364717,,,,
66.71666684,,,,
71.22648944,,,,
67.5219326,,,,
94.2268615,,,,
93.86315476,,,,
133.6975232,,,,
83.93995182,,,,
93.41299899,,,,
83.03318047,,,,
75.75490027,,,,
77.48785104,,,,
64.09254328,,,,
61.3941272,,,,
81.92888185,,,,
92.84358761,,,,
76.30610329,,,,
94.26341085,,,,
92.3326113,,,,
84.10734822,,,,
83.18900801,,,,
74.43900414,,,,
60.36972645,,,,
86.75236134,,,,
61.16434277,,,,
61.9091615,,,,
69.12753408,,,,
79.37278844,,,,
73.91741455,,,,
84.54124645,,,,
65.13310776,,,,
79.77927723,,,,
64.74673912,,,,
90.95641233,,,,
77.2342553,,,,
73.63575849,,,,
76.92312595,,,,
99.70286602,,,,
80.71573987,,,,
57.48200155,,,,
78.58273828,,,,
68.31732431,,,,
91.38597017,,,,
62.6910673,,,,
61.85669216,,,,
83.29760853,,,,
72.30622202,,,,
94.82070665,,,,
69.25184341,,,,
89.3667444,,,,
69.36937636,,,,
74.39448136,,,,
57.45778461,,,,
72.57347043,,,,
67.84951359,,,,
93.56047553,,,,
78.73736278,,,,
80.15378485,,,,
87.60492664,,,,
83.25593036,,,,
105.1009003,,,,
73.70136496,,,,
88.16400595,,,,
78.83307781,,,,
98.52155011,,,,
65.88876958,,,,
66.06139718,,,,
77.30003871,,,,
82.29647125,,,,
103.6790138,,,,
65.47336176,,,,
77.57757003,,,,
68.53502299,,,,
128.1833631,,,,
78.04601039,,,,
73.92263857,,,,
79.66722738,,,,
79.98951671,,,,
58.89699331,,,,
66.05465141,,,,
59.19222088,,,,
69.62089466,,,,
61.97486381,,,,
54.63748906,,,,
61.51056234,,,,
84.25121923,,,,
65.02436068,,,,
67.80715776,,,,
80.52568944,,,,
84.37244985,,,,
78.6813032,,,,
70.01583757,,,,
77.02442105,,,,
91.05733683,,,,
64.40033204,,,,
88.16014035,,,,
101.9334768,,,,
69.06964809,,,,
77.30492566,,,,
86.35659381,,,,
95.48110228,,,,
95.78043866,,,,
94.82654907,,,,
73.88950976,,,,
87.48957447,,,,
62.83322504,,,,
69.06327979,,,,
59.06154523,,,,
73.65190389,,,,
106.7007989,,,,
61.09276978,,,,
67.26664352,,,,
71.41027645,,,,
83.9144108,,,,
77.43945641,,,,
74.5577086,,,,
64.29140941,,,,
69.3699507,,,,
67.06967338,,,,
72.67028763,,,,
69.71256833,,,,
99.72581362,,,,
84.12348291,,,,
43.70272651,,,,
84.08840183,,,,
73.47081382,,,,
73.21907895,,,,
102.588924,,,,
76.16295117,,,,
78.1097532,,,,
94.77908383,,,,
61.31825465,,,,
57.99561548,,,,
86.74612683,,,,
66.70778124,,,,
72.80218424,,,,
75.75686046,,,,
90.35676891,,,,
50.76266353,,,,
76.72937496,,,,
81.30274974,,,,
81.89325894,,,,
84.70303238,,,,
63.24180502,,,,
107.4623212,,,,
53.80639178,,,,
66.97135251,,,,
64.62512238,,,,
66.1467195,,,,
88.99209144,,,,
66.05957804,,,,
71.94572552,,,,
63.3943962,,,,
78.93042672,,,,
101.5045606,,,,
70.65113872,,,,
80.06213838,,,,
71.19817637,,,,
96.82338152,,,,
91.30927306,,,,
72.91369037,,,,
100.5550397,,,,
78.25106858,,,,
70.66599838,,,,
62.70532974,,,,
52.4225791,,,,
78.99721125,,,,
99.41495477,,,,
50.68601954,,,,
60.19814302,,,,
74.83547036,,,,
64.60679821,,,,
72.27217621,,,,
56.17755564,,,,
91.65088312,,,,
80.68161502,,,,
70.7332999,,,,
73.14832806,,,,
84.3145523,,,,
59.87393173,,,,
61.26046893,,,,
73.05963428,,,,
65.61393218,,,,
81.52681333,,,,
69.4583304,,,,
66.70330265,,,,
71.40850325,,,,
85.01283925,,,,
71.21458624,,,,
80.67371239,,,,
95.63321663,,,,
95.57516664,,,,
79.9262294,,,,
75.91290884,,,,
79.3922516,,,,
72.47548488,,,,
77.47665901,,,,
85.690615,,,,
129.6677478,,,,
71.20756854,,,,
53.0194636,,,,
91.79363645,,,,
49.63589447,,,,
49.87713846,,,,
51.28932117,,,,
78.6016701,,,,
76.92266019,,,,
93.0852357,,,,
87.29483326,,,,
59.42251927,,,,
74.23221397,,,,
87.06839796,,,,
85.3906278,,,,
86.55671395,,,,
74.68913011,,,,
60.26963336,,,,
103.9668081,,,,
88.25111657,,,,
62.81771767,,,,
68.00549088,,,,
77.48073414,,,,
73.32811368,,,,
76.518573,,,,
84.49319481,,,,
64.74744533,,,,
69.48321043,,,,
61.71217246,,,,
56.31372585,,,,
69.86322418,,,,
63.90745051,,,,
79.4232532,,,,
100.2275773,,,,
51.4047213,,,,
63.99734433,,,,
52.8290976,,,,
82.93064419,,,,
82.45681319,,,,
66.81301072,,,,
83.9926976,,,,
74.11440676,,,,
60.38099242,,,,
71.67947168,,,,
62.0777606,,,,
53.02043771,,,,
79.17702973,,,,
61.31495028,,,,
70.46858749,,,,
95.08349733,,,,
90.62003687,,,,
54.34799302,,,,
79.29793782,,,,
85.2314641,,,,
98.42711763,,,,
51.79885609,,,,
89.90625649,,,,
70.98844013,,,,
60.43690353,,,,
75.06357928,,,,
77.37378832,,,,
67.86860513,,,,
91.44147873,,,,
61.81361999,,,,
64.43826929,,,,
66.73447475,,,,
85.71971171,,,,
69.67089255,,,,
88.43091611,,,,
98.83196365,,,,
66.94431671,,,,
79.72472952,,,,
64.03177096,,,,
81.12370822,,,,
72.38255552,,,,
98.04053292,,,,
77.8335753,,,,
82.5262005,,,,
77.77245893,,,,
86.91079498,,,,
86.54601411,,,,
82.56843749,,,,
66.78495335,,,,
65.19714223,,,,
78.03679005,,,,
57.12452127,,,,
104.4585152,,,,
67.89364227,,,,
62.40193625,,,,
73.22390005,,,,
102.4103065,,,,
69.54934584,,,,
77.54727844,,,,
72.98788644,,,,
69.86084038,,,,
78.63926173,,,,
66.88274964,,,,
64.7239311,,,,
81.06958109,,,,
62.06767083,,,,
62.04332257,,,,
71.9467491,,,,
65.10418899,,,,
84.9474468,,,,
71.61251864,,,,
67.67256649,,,,
87.60336762,,,,
89.39421575,,,,
78.94350451,,,,
55.77638033,,,,
54.36860732,,,,
74.34197007,,,,
60.86619925,,,,
72.06615031,,,,
64.53854069,,,,
118.1447573,,,,
69.34035272,,,,
83.24407864,,,,
82.68194525,,,,
73.82368052,,,,
71.68612099,,,,
67.38799159,,,,
74.6247607,,,,
93.09531917,,,,
78.55134684,,,,
78.74739635,,,,
103.3203481,,,,
93.51079834,,,,
52.9310296,,,,
71.96614668,,,,
70.20993132,,,,
77.6986532,,,,
84.90980457,,,,
96.55397755,,,,
47.08096358,,,,
85.48012017,,,,
64.18655496,,,,
90.04718014,,,,
68.07318787,,,,
88.1386726,,,,
78.01690048,,,,
94.57593069,,,,
43.58678143,,,,
79.98410892,,,,
76.4550209,,,,
73.15668577,,,,
65.95119518,,,,
71.10521179,,,,
90.90288451,,,,
72.02558093,,,,
80.92167031,,,,
68.8071051,,,,
65.85023135,,,,
82.79417159,,,,
73.01910022,,,,
50.00389667,,,,
76.32078747,,,,
75.90134951,,,,
72.65095917,,,,
94.58159178,,,,
79.14811034,,,,
64.48059855,,,,
89.83494705,,,,
103.7262523,,,,
69.52252336,,,,
72.01368152,,,,
61.20089506,,,,
78.7417328,,,,
75.44504182,,,,
74.36909382,,,,
92.34824721,,,,
82.63502345,,,,
72.19274287,,,,
89.89391782,,,,
97.44401955,,,,
61.73394111,,,,
59.32390177,,,,
61.07115385,,,,
82.41816029,,,,
85.77260787,,,,
62.592686,,,,
92.06128276,,,,
82.66205078,,,,
75.84568393,,,,
58.40545721,,,,
85.83835312,,,,
84.23476772,,,,
61.28320073,,,,
99.28335136,,,,
56.57067238,,,,
53.41937103,,,,
81.94911566,,,,
66.64982804,,,,
64.90304215,,,,
60.4338847,,,,
69.36513487,,,,
70.46802455,,,,
91.53451579,,,,
80.54234841,,,,
61.68497296,,,,
66.14040493,,,,
82.21957269,,,,
84.57768419,,,,
94.94594383,,,,
67.61255529,,,,
72.10176159,,,,
66.3260396,,,,
91.35024361,,,,
72.42502139,,,,
61.19512053,,,,
84.17342256,,,,
74.5884931,,,,
82.27045234,,,,
103.1242494,,,,
93.88977965,,,,
75.62513605,,,,
63.30974699,,,,
81.08631758,,,,
69.44613032,,,,
93.7561636,,,,
89.50492293,,,,
68.50073547,,,,
59.72133145,,,,
68.22591135,,,,
53.36623123,,,,
73.63612566,,,,
69.89304063,,,,
78.1487532,,,,
66.04179442,,,,
75.90545832,,,,
67.21575193,,,,
66.01566421,,,,
83.55369161,,,,
69.05260829,,,,
92.84205599,,,,
61.80903072,,,,
83.09616441,,,,
85.09896315,,,,
84.66462675,,,,
63.26509019,,,,
62.31691994,,,,
59.87212352,,,,
109.9767416,,,,
70.81544829,,,,
88.3232048,,,,
62.0803387,,,,
57.33070591,,,,
69.49210729,,,,
80.36321584,,,,
64.26811331,,,,
80.36762165,,,,
58.43054294,,,,
74.2772501,,,,
92.05802162,,,,
65.32745667,,,,
92.00218209,,,,
84.07473578,,,,
55.29478135,,,,
71.77865753,,,,
65.2189969,,,,
62.94673405,,,,
86.01636929,,,,
63.16010327,,,,
59.1882908,,,,
