Wire length data points,,,9.151,141.573,258.696
80.83082804,,,8.255,120.391,258.696
107.291532,,,8.255,102.327,258.696
125.7176457,,,8.255,79.21,250.347
113.539587,,,6.482,60.749,244.109
100.6046648,,,6.482,45.666,216.847
100.9611651,,,6.482,40.588,398.861
127.8611847,,,5.589,28.608,219.683
157.2663493,,,5.589,24.927,212.98
114.391482,,,5.589,18.962,91.32
98.68830259,,,5.589,18.072,191.568
131.0014862,,,6.137,16.319,213.86
119.1988479,,,6.749,15.867,93.905
143.7312936,,,6.361,16.469,220.061
101.9209153,,,5.886609197,,
118.9613497,,,,,
144.4619482,,,,,
187.3225561,,,,,
103.7833823,,,,,
115.4064146,,,,,
121.5070324,,,,,
154.9739274,,,,,
126.825436,,,,,
138.4106066,,,,,
139.5513967,,,,,
184.4920872,,,,,
119.2328187,,,,,
126.8609566,,,,,
92.15216856,,,,,
139.5480939,,,,,
103.9312659,,,,,
148.4788194,,,,,
99.88503591,,,,,
129.2926909,,,,,
156.0439381,,,,,
112.2645182,,,,,
97.77217828,,,,,
135.9813513,,,,,
105.9663744,,,,,
127.2060377,,,,,
118.6631246,,,,,
109.1321441,,,,,
111.2794917,,,,,
88.87709746,,,,,
104.8413361,,,,,
86.37355915,,,,,
158.4161038,,,,,
94.91068899,,,,,
132.724861,,,,,
135.9548135,,,,,
95.18883668,,,,,
156.7625167,,,,,
137.6607198,,,,,
111.094711,,,,,
123.0067653,,,,,
104.2461588,,,,,
139.3523914,,,,,
160.3571319,,,,,
161.8905817,,,,,
125.3077132,,,,,
158.958674,,,,,
108.2096781,,,,,
120.8650226,,,,,
118.465146,,,,,
135.4974085,,,,,
138.1073256,,,,,
166.4203808,,,,,
137.10616,,,,,
132.4674565,,,,,
138.4427315,,,,,
173.8836627,,,,,
160.3359561,,,,,
147.789745,,,,,
138.176831,,,,,
133.3521764,,,,,
111.9440091,,,,,
140.936473,,,,,
127.6497926,,,,,
104.7123095,,,,,
128.4372578,,,,,
102.7756591,,,,,
144.4270889,,,,,
149.9986971,,,,,
135.0742288,,,,,
95.02355666,,,,,
108.5894463,,,,,
131.5359326,,,,,
118.4931784,,,,,
119.8507597,,,,,
123.0685194,,,,,
127.6319391,,,,,
134.9794032,,,,,
120.2215165,,,,,
113.4710691,,,,,
164.3804032,,,,,
132.1801041,,,,,
151.5584999,,,,,
130.2305149,,,,,
122.9247763,,,,,
147.9354133,,,,,
114.2552365,,,,,
80.28973254,,,,,
93.43410155,,,,,
96.41918662,,,,,
77.81643291,,,,,
124.2772115,,,,,
100.4824558,,,,,
135.5664422,,,,,
101.1274974,,,,,
149.9223698,,,,,
106.4752507,,,,,
146.6198108,,,,,
110.889738,,,,,
151.6702044,,,,,
91.38665387,,,,,
113.9568844,,,,,
74.28580494,,,,,
175.4202217,,,,,
92.52733438,,,,,
101.1372098,,,,,
147.5633923,,,,,
140.2562408,,,,,
150.7062875,,,,,
134.2027952,,,,,
127.3542746,,,,,
133.9726931,,,,,
129.6848344,,,,,
140.0349928,,,,,
133.5982948,,,,,
110.3929357,,,,,
105.2752186,,,,,
106.3312172,,,,,
114.6044692,,,,,
167.1981583,,,,,
62.90516314,,,,,
74.77382869,,,,,
158.5809185,,,,,
142.8328461,,,,,
130.9897138,,,,,
170.4546036,,,,,
186.2550515,,,,,
157.4416908,,,,,
126.3547332,,,,,
106.1561211,,,,,
132.8872445,,,,,
128.7610942,,,,,
148.3701706,,,,,
124.6723683,,,,,
137.6470814,,,,,
119.5116881,,,,,
142.2225928,,,,,
111.8527722,,,,,
125.4523187,,,,,
148.055522,,,,,
169.9263996,,,,,
138.5320456,,,,,
121.3700599,,,,,
103.1274698,,,,,
129.0721109,,,,,
126.5826727,,,,,
166.1708572,,,,,
134.9359468,,,,,
114.1287521,,,,,
130.1708696,,,,,
140.704007,,,,,
109.3011377,,,,,
93.51378731,,,,,
99.77059739,,,,,
130.8682818,,,,,
110.020991,,,,,
154.1626921,,,,,
118.9521905,,,,,
117.234122,,,,,
120.8914276,,,,,
137.2483165,,,,,
122.5028572,,,,,
152.9061337,,,,,
155.1200113,,,,,
71.28316515,,,,,
185.8330558,,,,,
142.9024349,,,,,
165.9067113,,,,,
130.3243982,,,,,
158.1112295,,,,,
97.52978248,,,,,
111.0469506,,,,,
101.141129,,,,,
120.1624927,,,,,
103.5688889,,,,,
123.8601373,,,,,
143.1714248,,,,,
150.3917789,,,,,
114.945796,,,,,
110.5630267,,,,,
163.319883,,,,,
126.5549338,,,,,
101.9391167,,,,,
75.17165771,,,,,
107.4578062,,,,,
148.565528,,,,,
128.9673903,,,,,
155.8798833,,,,,
71.31719612,,,,,
118.3430638,,,,,
110.4724371,,,,,
137.3508565,,,,,
96.87702988,,,,,
141.5902617,,,,,
141.5768862,,,,,
135.5498441,,,,,
193.2962841,,,,,
129.2916147,,,,,
135.9219593,,,,,
176.9539111,,,,,
140.4562125,,,,,
162.2776818,,,,,
88.14596887,,,,,
115.1679441,,,,,
154.0961524,,,,,
99.34998656,,,,,
130.6289905,,,,,
160.2327279,,,,,
129.7083249,,,,,
101.0745285,,,,,
107.4690007,,,,,
101.8811733,,,,,
89.40219615,,,,,
147.2856326,,,,,
138.9494573,,,,,
101.4301403,,,,,
132.276984,,,,,
101.9338075,,,,,
118.5520796,,,,,
178.0944313,,,,,
121.3322042,,,,,
129.4422555,,,,,
115.8232641,,,,,
111.4471572,,,,,
132.5140161,,,,,
105.6038545,,,,,
140.2928977,,,,,
120.4715747,,,,,
107.8090147,,,,,
117.597249,,,,,
119.8409082,,,,,
115.9544252,,,,,
137.7005281,,,,,
114.3729322,,,,,
106.4992379,,,,,
170.5087624,,,,,
118.1764094,,,,,
117.6613987,,,,,
152.2843836,,,,,
158.7646632,,,,,
165.7544681,,,,,
150.8710519,,,,,
115.3345978,,,,,
131.8046023,,,,,
125.9867344,,,,,
147.6908314,,,,,
116.8374564,,,,,
178.3459314,,,,,
148.2559158,,,,,
133.8724803,,,,,
120.0487496,,,,,
86.04234376,,,,,
102.3374955,,,,,
132.3603035,,,,,
165.1913975,,,,,
153.3963127,,,,,
124.4963378,,,,,
156.3052313,,,,,
98.07321318,,,,,
143.6818735,,,,,
132.8399697,,,,,
173.6423671,,,,,
166.5576337,,,,,
117.8612674,,,,,
89.4616892,,,,,
149.9321831,,,,,
130.638732,,,,,
118.9366714,,,,,
119.863742,,,,,
105.5361051,,,,,
76.22378163,,,,,
129.4295985,,,,,
113.5876868,,,,,
128.9813006,,,,,
170.3506914,,,,,
87.62338905,,,,,
157.3546128,,,,,
148.7532613,,,,,
97.80737617,,,,,
116.16137,,,,,
108.9384202,,,,,
194.2970258,,,,,
156.5057219,,,,,
99.90858603,,,,,
118.8737222,,,,,
125.2290554,,,,,
137.5245178,,,,,
148.5328893,,,,,
104.8303496,,,,,
108.2407597,,,,,
115.1932246,,,,,
155.2271197,,,,,
129.0332526,,,,,
157.7299496,,,,,
125.5050245,,,,,
146.6199009,,,,,
114.0266697,,,,,
171.409886,,,,,
143.895408,,,,,
155.5905033,,,,,
137.221102,,,,,
148.8256627,,,,,
116.4657637,,,,,
61.49226516,,,,,
92.04027875,,,,,
158.4873052,,,,,
91.71468307,,,,,
127.7449821,,,,,
140.8672065,,,,,
132.5531368,,,,,
170.3939082,,,,,
139.0048265,,,,,
115.2815579,,,,,
129.3009393,,,,,
155.0504615,,,,,
150.3888836,,,,,
134.0635049,,,,,
118.2685304,,,,,
122.4897462,,,,,
116.5366125,,,,,
97.20478709,,,,,
95.99030475,,,,,
96.84356096,,,,,
174.3383064,,,,,
140.2800355,,,,,
110.977594,,,,,
133.0210049,,,,,
102.9240587,,,,,
131.2722354,,,,,
147.793055,,,,,
125.7694341,,,,,
181.1779063,,,,,
129.9760912,,,,,
130.6487751,,,,,
128.5491702,,,,,
84.54485596,,,,,
133.0268568,,,,,
125.5934713,,,,,
136.9654074,,,,,
125.6405209,,,,,
132.5661003,,,,,
156.6200424,,,,,
89.994769,,,,,
125.5890434,,,,,
164.1491639,,,,,
134.5644728,,,,,
148.6423403,,,,,
146.7210494,,,,,
194.5864755,,,,,
129.4998824,,,,,
105.4424488,,,,,
118.515533,,,,,
180.7899067,,,,,
151.8904072,,,,,
95.26458536,,,,,
126.210962,,,,,
135.1384534,,,,,
124.7247663,,,,,
112.7427176,,,,,
125.9452364,,,,,
94.24460524,,,,,
103.7410217,,,,,
129.0384624,,,,,
110.3446661,,,,,
130.6693894,,,,,
99.61256232,,,,,
122.1659132,,,,,
119.6835519,,,,,
129.8956209,,,,,
113.464957,,,,,
120.5156244,,,,,
110.8054931,,,,,
132.0201848,,,,,
98.84726565,,,,,
96.51555931,,,,,
70.37309875,,,,,
104.3198413,,,,,
87.14838909,,,,,
106.1138235,,,,,
154.117185,,,,,
132.9635173,,,,,
140.9636544,,,,,
126.6325587,,,,,
135.2374004,,,,,
161.157357,,,,,
106.9746377,,,,,
145.4484064,,,,,
101.8025371,,,,,
124.2052884,,,,,
112.6526317,,,,,
147.3767679,,,,,
131.2678991,,,,,
87.49544102,,,,,
131.1690384,,,,,
117.3393356,,,,,
131.7326323,,,,,
127.4808796,,,,,
132.339166,,,,,
90.67661193,,,,,
149.271397,,,,,
108.5918082,,,,,
103.7323587,,,,,
85.17789294,,,,,
122.5146621,,,,,
142.3189708,,,,,
130.6620545,,,,,
87.37670526,,,,,
180.3256588,,,,,
141.4659654,,,,,
114.7968986,,,,,
139.6503934,,,,,
148.9105461,,,,,
147.4194591,,,,,
95.80987641,,,,,
108.8950908,,,,,
121.4781997,,,,,
149.6301924,,,,,
98.40830072,,,,,
136.8950783,,,,,
115.4206154,,,,,
87.24979208,,,,,
110.6691527,,,,,
175.0478646,,,,,
148.2417858,,,,,
105.362199,,,,,
141.0584362,,,,,
101.5394902,,,,,
118.3876921,,,,,
103.8969788,,,,,
89.36297158,,,,,
116.1477892,,,,,
92.01295956,,,,,
102.2742639,,,,,
149.3303401,,,,,
120.1453071,,,,,
130.5338684,,,,,
119.7462298,,,,,
125.3709199,,,,,
142.2625819,,,,,
151.6843526,,,,,
113.8778227,,,,,
118.6793535,,,,,
139.4307314,,,,,
141.459807,,,,,
136.5644425,,,,,
137.9882755,,,,,
147.6162185,,,,,
110.4157236,,,,,
108.4885688,,,,,
99.94167323,,,,,
82.74907794,,,,,
116.140601,,,,,
163.1636813,,,,,
168.3353083,,,,,
97.35235519,,,,,
108.2637856,,,,,
120.3685962,,,,,
154.8422875,,,,,
126.6028969,,,,,
69.60600793,,,,,
83.91168654,,,,,
62.25530296,,,,,
201.1803831,,,,,
113.2198193,,,,,
127.8990505,,,,,
105.9820118,,,,,
109.0808475,,,,,
110.4087517,,,,,
147.2492118,,,,,
122.0751897,,,,,
99.1544369,,,,,
142.7325434,,,,,
129.2197798,,,,,
128.3706468,,,,,
115.744405,,,,,
173.1880754,,,,,
104.7661159,,,,,
123.7878321,,,,,
110.9069096,,,,,
136.3872788,,,,,
131.6640015,,,,,
99.05300174,,,,,
183.0836253,,,,,
136.2058976,,,,,
161.7558436,,,,,
136.3533217,,,,,
104.0365845,,,,,
138.6746687,,,,,
124.2441792,,,,,
153.8280923,,,,,
86.32852984,,,,,
110.2619834,,,,,
83.02219727,,,,,
160.9247087,,,,,
113.2956731,,,,,
104.8943651,,,,,
103.898133,,,,,
117.005234,,,,,
178.0382469,,,,,
74.66726921,,,,,
113.2016751,,,,,
102.1386808,,,,,
118.1395072,,,,,
134.189454,,,,,
142.6706224,,,,,
88.08187882,,,,,
101.8586688,,,,,
145.2231253,,,,,
133.1616277,,,,,
118.6263624,,,,,
126.874772,,,,,
138.3254741,,,,,
134.5103327,,,,,
152.0661903,,,,,
109.3928075,,,,,
114.1231925,,,,,
105.0762281,,,,,
116.0512808,,,,,
98.25499213,,,,,
148.8048177,,,,,
133.0381828,,,,,
122.9341973,,,,,
126.1210831,,,,,
131.2483256,,,,,
136.1608267,,,,,
128.5628957,,,,,
150.1305633,,,,,
114.1235869,,,,,
115.9432518,,,,,
116.2142675,,,,,
158.4368588,,,,,
168.3589732,,,,,
130.0398163,,,,,
89.82415233,,,,,
156.0295931,,,,,
132.4439686,,,,,
116.5304217,,,,,
129.5107093,,,,,
114.6003202,,,,,
131.2715149,,,,,
125.0224732,,,,,
94.61302117,,,,,
146.9006695,,,,,
129.29933,,,,,
126.0922819,,,,,
98.23999669,,,,,
110.1010509,,,,,
148.084993,,,,,
94.75799594,,,,,
105.4341795,,,,,
73.37614928,,,,,
147.4266115,,,,,
77.72402082,,,,,
90.01348019,,,,,
157.8261864,,,,,
117.2349353,,,,,
103.1791649,,,,,
119.5789211,,,,,
154.245823,,,,,
114.2796068,,,,,
87.72516727,,,,,
107.417985,,,,,
152.1352823,,,,,
152.52045,,,,,
113.9346781,,,,,
80.78744859,,,,,
125.3309818,,,,,
100.8051455,,,,,
90.81968123,,,,,
102.1327434,,,,,
108.2641518,,,,,
132.8301896,,,,,
158.7701457,,,,,
114.5864412,,,,,
137.7025435,,,,,
95.29723906,,,,,
69.91546258,,,,,
132.390253,,,,,
114.2707585,,,,,
119.8961604,,,,,
112.9344832,,,,,
105.5189465,,,,,
127.0692238,,,,,
76.14439919,,,,,
151.495741,,,,,
130.069448,,,,,
152.7220944,,,,,
121.3743111,,,,,
133.2262371,,,,,
128.3267023,,,,,
106.8690183,,,,,
154.9921256,,,,,
123.6988837,,,,,
159.4510722,,,,,
95.2260687,,,,,
119.9098638,,,,,
77.17540524,,,,,
118.8254697,,,,,
101.2557516,,,,,
143.9939301,,,,,
98.73504725,,,,,
88.55908687,,,,,
127.5246459,,,,,
93.72648462,,,,,
99.73737861,,,,,
139.8166117,,,,,
149.2828931,,,,,
87.02019704,,,,,
91.72646344,,,,,
117.3543368,,,,,
131.4220507,,,,,
130.6892387,,,,,
90.96881104,,,,,
151.2247166,,,,,
107.2670793,,,,,
161.0131959,,,,,
104.061069,,,,,
107.421611,,,,,
119.9909809,,,,,
100.1634393,,,,,
87.74988257,,,,,
90.15031235,,,,,
73.94812758,,,,,
128.6502697,,,,,
176.416207,,,,,
127.8300881,,,,,
102.3736962,,,,,
108.5879186,,,,,
144.2565541,,,,,
123.6684618,,,,,
95.00379523,,,,,
87.84431902,,,,,
98.61728321,,,,,
128.7353143,,,,,
120.3409102,,,,,
97.12046992,,,,,
153.526894,,,,,
155.1383546,,,,,
91.17133996,,,,,
111.6718382,,,,,
111.6362914,,,,,
125.7267416,,,,,
68.7514524,,,,,
85.35453115,,,,,
108.6863879,,,,,
96.34722159,,,,,
128.5837276,,,,,
135.3610322,,,,,
153.4804065,,,,,
113.2720584,,,,,
133.7212424,,,,,
135.5818923,,,,,
129.8773089,,,,,
133.5668134,,,,,
112.969649,,,,,
96.55701739,,,,,
133.3035179,,,,,
86.15954819,,,,,
103.2534291,,,,,
162.0400977,,,,,
124.667427,,,,,
95.96760173,,,,,
149.9820321,,,,,
94.07091734,,,,,
141.1699667,,,,,
145.8588359,,,,,
101.7069711,,,,,
98.58614713,,,,,
116.6548601,,,,,
113.5910105,,,,,
109.2557704,,,,,
85.42085241,,,,,
107.2650469,,,,,
96.68039911,,,,,
132.4785426,,,,,
124.1001799,,,,,
128.7961963,,,,,
132.98554,,,,,
128.1773581,,,,,
151.4439115,,,,,
101.4367332,,,,,
124.6689665,,,,,
97.23584666,,,,,
94.97751823,,,,,
111.0799739,,,,,
142.7809614,,,,,
156.9520082,,,,,
129.182661,,,,,
142.9079031,,,,,
114.0409732,,,,,
165.6963519,,,,,
119.7656952,,,,,
80.29822893,,,,,
107.2712459,,,,,
138.6218272,,,,,
114.6744429,,,,,
94.27606865,,,,,
99.75249247,,,,,
88.86077766,,,,,
106.1075269,,,,,
119.2182828,,,,,
161.4748951,,,,,
121.3890112,,,,,
151.5111803,,,,,
91.31434685,,,,,
122.5589711,,,,,
91.84894538,,,,,
111.9188085,,,,,
122.8783108,,,,,
147.9192835,,,,,
94.58395994,,,,,
122.3120961,,,,,
107.408728,,,,,
118.1689607,,,,,
96.7926201,,,,,
123.26632,,,,,
140.9457125,,,,,
122.9267832,,,,,
136.2004239,,,,,
82.37703989,,,,,
69.45784082,,,,,
102.393163,,,,,
96.54812142,,,,,
87.1759272,,,,,
145.3212691,,,,,
131.1780026,,,,,
115.0751876,,,,,
93.49468433,,,,,
116.5334152,,,,,
81.13511412,,,,,
159.1285493,,,,,
138.5699562,,,,,
100.0929828,,,,,
173.2207604,,,,,
80.21992314,,,,,
101.3855872,,,,,
147.2085229,,,,,
125.5056492,,,,,
105.602187,,,,,
115.4969208,,,,,
96.10570769,,,,,
93.18877313,,,,,
150.551868,,,,,
87.11271453,,,,,
112.4840717,,,,,
96.65343559,,,,,
106.8760392,,,,,
120.0916565,,,,,
102.8732523,,,,,
117.7342912,,,,,
121.5674704,,,,,
120.5115614,,,,,
73.23352622,,,,,
104.1310028,,,,,
100.7726899,,,,,
126.198332,,,,,
96.00083004,,,,,
121.6519091,,,,,
211.2254574,,,,,
120.4844097,,,,,
129.8394759,,,,,
103.0663345,,,,,
94.69371248,,,,,
102.3702811,,,,,
80.16480389,,,,,
127.5627949,,,,,
119.0014311,,,,,
99.19710426,,,,,
125.6639812,,,,,
103.3842769,,,,,
115.6899492,,,,,
95.05778802,,,,,
117.069604,,,,,
100.838168,,,,,
100.1063015,,,,,
109.4191736,,,,,
64.08320343,,,,,
107.2451738,,,,,
117.5008183,,,,,
115.41068,,,,,
110.6592513,,,,,
121.06322,,,,,
101.109148,,,,,
129.1384611,,,,,
127.1855998,,,,,
124.0372568,,,,,
115.7375323,,,,,
90.69585466,,,,,
122.455878,,,,,
57.67428404,,,,,
112.335221,,,,,
117.9895728,,,,,
147.1400353,,,,,
70.54903609,,,,,
111.3379128,,,,,
102.5969679,,,,,
127.7117291,,,,,
114.3535071,,,,,
145.4078904,,,,,
84.69633181,,,,,
79.12424627,,,,,
81.24934198,,,,,
127.6409954,,,,,
81.53833996,,,,,
104.8706926,,,,,
120.096983,,,,,
152.8977379,,,,,
156.7632997,,,,,
83.05468531,,,,,
109.7218951,,,,,
113.3207728,,,,,
126.1189299,,,,,
118.9186486,,,,,
90.86088385,,,,,
78.06980424,,,,,
94.73729047,,,,,
111.5489361,,,,,
169.1047357,,,,,
128.7210055,,,,,
82.71318692,,,,,
116.5804413,,,,,
113.8431408,,,,,
62.87361345,,,,,
102.3128918,,,,,
106.9507349,,,,,
85.90519158,,,,,
97.95225124,,,,,
132.7981315,,,,,
86.27015744,,,,,
134.0930902,,,,,
94.19759575,,,,,
98.26000445,,,,,
146.9644901,,,,,
80.90680107,,,,,
129.4851257,,,,,
140.0214211,,,,,
89.7192161,,,,,
141.6470785,,,,,
104.2887856,,,,,
144.9086318,,,,,
155.0496008,,,,,
109.7709618,,,,,
99.45243883,,,,,
104.572041,,,,,
144.3225068,,,,,
107.5481311,,,,,
133.3072594,,,,,
125.712278,,,,,
132.8406457,,,,,
137.2472976,,,,,
90.84104885,,,,,
97.40083398,,,,,
89.98148502,,,,,
98.71050912,,,,,
112.8100529,,,,,
84.34002115,,,,,
106.9339886,,,,,
88.48605097,,,,,
98.62410892,,,,,
94.98335406,,,,,
118.7809801,,,,,
92.43797672,,,,,
105.6855634,,,,,
153.2957169,,,,,
80.20170107,,,,,
98.36996061,,,,,
134.3824456,,,,,
131.4370349,,,,,
103.4673217,,,,,
76.47964009,,,,,
159.1950755,,,,,
128.298405,,,,,
101.8316715,,,,,
129.8957327,,,,,
122.1193202,,,,,
99.50453919,,,,,
92.70457091,,,,,
87.23358865,,,,,
124.3865657,,,,,
92.63931996,,,,,
112.3413197,,,,,
104.1177534,,,,,
137.3485014,,,,,
89.25960072,,,,,
142.4349347,,,,,
71.10126547,,,,,
77.69611535,,,,,
100.5330282,,,,,
126.7539269,,,,,
89.5733075,,,,,
93.6877499,,,,,
116.8729844,,,,,
101.457064,,,,,
94.61825503,,,,,
131.6184241,,,,,
93.7118378,,,,,
88.06618227,,,,,
123.8483998,,,,,
96.56307764,,,,,
78.70677735,,,,,
168.8852224,,,,,
114.0225796,,,,,
101.7569344,,,,,
104.4682009,,,,,
142.1743352,,,,,
138.6028741,,,,,
152.8695025,,,,,
87.431992,,,,,
119.6680605,,,,,
129.0048948,,,,,
135.5967585,,,,,
113.0289589,,,,,
117.7001257,,,,,
112.9661153,,,,,
94.78080001,,,,,
145.5441013,,,,,
93.50669478,,,,,
83.23892998,,,,,
103.0123608,,,,,
77.0116402,,,,,
127.4730901,,,,,
121.722682,,,,,
53.97063562,,,,,
104.6352424,,,,,
148.6856773,,,,,
100.5968558,,,,,
105.5161635,,,,,
89.40507781,,,,,
148.9874206,,,,,
96.03638676,,,,,
112.6950615,,,,,
95.38995422,,,,,
75.01317114,,,,,
148.2569994,,,,,
124.1242278,,,,,
128.9097272,,,,,
100.0401431,,,,,
69.58841986,,,,,
118.6491514,,,,,
69.20440647,,,,,
90.19332035,,,,,
89.96184872,,,,,
113.2713137,,,,,
151.3958642,,,,,
122.7780211,,,,,
98.3903633,,,,,
112.2074797,,,,,
134.6984439,,,,,
122.6555421,,,,,
73.08147645,,,,,
89.80159296,,,,,
71.19240364,,,,,
77.46050913,,,,,
100.7917924,,,,,
108.7656769,,,,,
111.4260455,,,,,
94.28074385,,,,,
91.55058071,,,,,
109.2245309,,,,,
94.95898495,,,,,
120.9125977,,,,,
149.5950965,,,,,
103.8817541,,,,,
139.3565133,,,,,
115.4152781,,,,,
136.4037186,,,,,
77.90332351,,,,,
91.87799321,,,,,
95.71048625,,,,,
105.2612281,,,,,
121.2519829,,,,,
110.5742726,,,,,
90.20776156,,,,,
149.7609583,,,,,
81.92337617,,,,,
117.1405933,,,,,
151.9420682,,,,,
132.2505336,,,,,
100.7331977,,,,,
80.14212996,,,,,
82.02579247,,,,,
88.54201132,,,,,
107.4641086,,,,,
101.3840987,,,,,
111.4950073,,,,,
117.8785566,,,,,
139.031684,,,,,
113.7354742,,,,,
126.523448,,,,,
112.7293449,,,,,
110.4245615,,,,,
79.95023337,,,,,
137.3708811,,,,,
124.3435251,,,,,
86.02342469,,,,,
128.939892,,,,,
111.8072523,,,,,
106.1559138,,,,,
110.3078615,,,,,
115.11328,,,,,
117.6784316,,,,,
57.14062011,,,,,
110.3624565,,,,,
123.559875,,,,,
107.4878101,,,,,
125.1341196,,,,,
114.3526659,,,,,
124.4276945,,,,,
102.5622777,,,,,
142.7359776,,,,,
104.0502422,,,,,
91.48084137,,,,,
68.84812435,,,,,
109.4796964,,,,,
115.422216,,,,,
96.93233956,,,,,
120.5619867,,,,,
110.9718633,,,,,
116.468459,,,,,
130.3275241,,,,,
96.8468579,,,,,
123.5970179,,,,,
119.0027869,,,,,
91.28354989,,,,,
116.2451226,,,,,
108.0501061,,,,,
70.12264015,,,,,
106.9658414,,,,,
75.76079617,,,,,
106.5760818,,,,,
67.85206572,,,,,
116.670359,,,,,
96.04439214,,,,,
126.5626663,,,,,
109.9562087,,,,,
100.8237466,,,,,
115.0017555,,,,,
74.59622231,,,,,
91.56452311,,,,,
99.62239234,,,,,
77.32193674,,,,,
87.42398707,,,,,
145.0222173,,,,,
88.13633893,,,,,
125.6863009,,,,,
100.44833,,,,,
102.6397045,,,,,
123.8243039,,,,,
131.0844057,,,,,
68.28176559,,,,,
65.18122627,,,,,
98.71584107,,,,,
93.31499691,,,,,
117.6932657,,,,,
70.44937066,,,,,
93.71284026,,,,,
128.0816897,,,,,
99.41844798,,,,,
62.42556107,,,,,
87.57884104,,,,,
120.4065861,,,,,
104.2371145,,,,,
103.1602433,,,,,
98.5640807,,,,,
146.0680418,,,,,
113.8100725,,,,,
162.3660482,,,,,
57.59914333,,,,,
107.9643842,,,,,
85.09447437,,,,,
105.0318093,,,,,
90.85407663,,,,,
122.441151,,,,,
106.792094,,,,,
128.7296015,,,,,
169.0215313,,,,,
121.3611901,,,,,
105.8885548,,,,,
141.7276214,,,,,
97.28530914,,,,,
106.7997479,,,,,
111.2208565,,,,,
105.900707,,,,,
76.0204985,,,,,
85.27830124,,,,,
93.33482146,,,,,
122.5258821,,,,,
114.0912212,,,,,
81.6435179,,,,,
87.23474379,,,,,
112.4196968,,,,,
75.48073574,,,,,
101.6355989,,,,,
70.95941644,,,,,
110.1043861,,,,,
110.7420565,,,,,
112.0113614,,,,,
122.2378917,,,,,
117.8153164,,,,,
114.2325874,,,,,
73.24685672,,,,,
111.7761569,,,,,
87.74257227,,,,,
107.8490561,,,,,
105.9343636,,,,,
82.42152375,,,,,
97.50149411,,,,,
85.71121646,,,,,
138.3822684,,,,,
86.25399755,,,,,
99.38540323,,,,,
132.6306254,,,,,
73.59399054,,,,,
102.209841,,,,,
85.25667676,,,,,
74.20199551,,,,,
89.48234329,,,,,
133.720689,,,,,
125.6211086,,,,,
89.45111549,,,,,
121.7766308,,,,,
94.17824493,,,,,
127.6353649,,,,,
120.5167592,,,,,
126.5722603,,,,,
92.53055895,,,,,
89.08317122,,,,,
92.62257941,,,,,
92.29296434,,,,,
54.47512285,,,,,
71.64158382,,,,,
100.3081193,,,,,
86.5017311,,,,,
106.1184304,,,,,
104.4664017,,,,,
128.9496427,,,,,
77.92811571,,,,,
92.42303146,,,,,
88.40220656,,,,,
91.2356655,,,,,
109.0798245,,,,,
96.46339501,,,,,
114.5276648,,,,,
116.911107,,,,,
161.7439184,,,,,
154.0006603,,,,,
90.35343209,,,,,
121.1308913,,,,,
141.2506651,,,,,
59.55945966,,,,,
128.8698141,,,,,
69.23507489,,,,,
109.7314833,,,,,
115.9171668,,,,,
87.25763407,,,,,
114.9921338,,,,,
124.0927659,,,,,
112.5738293,,,,,
61.1976425,,,,,
101.4348542,,,,,
129.1267077,,,,,
110.2140684,,,,,
91.93611842,,,,,
152.1494582,,,,,
105.7207867,,,,,
112.0377684,,,,,
80.820298,,,,,
94.59244365,,,,,
78.04523838,,,,,
74.84573358,,,,,
116.3835185,,,,,
117.4515382,,,,,
102.2697175,,,,,
132.0129063,,,,,
92.51895876,,,,,
110.8937108,,,,,
110.6776328,,,,,
68.28985355,,,,,
93.95781639,,,,,
106.7943378,,,,,
78.07673984,,,,,
118.3754012,,,,,
112.655403,,,,,
90.53733362,,,,,
106.4317504,,,,,
102.3455534,,,,,
94.8533964,,,,,
77.35659803,,,,,
100.7386026,,,,,
88.95958367,,,,,
121.1435674,,,,,
127.129869,,,,,
153.9911155,,,,,
149.1617665,,,,,
75.6942645,,,,,
101.4704024,,,,,
79.54145534,,,,,
100.6553841,,,,,
109.3767094,,,,,
89.31763723,,,,,
105.8569979,,,,,
104.2598999,,,,,
118.4927567,,,,,
114.8805015,,,,,
107.4737765,,,,,
85.49574112,,,,,
97.94646904,,,,,
72.55681994,,,,,
115.8668997,,,,,
103.2472942,,,,,
70.59266494,,,,,
91.04951877,,,,,
105.0758671,,,,,
126.3553602,,,,,
94.12761021,,,,,
61.57580421,,,,,
110.7984194,,,,,
107.3517787,,,,,
93.97422096,,,,,
84.13698689,,,,,
102.9988536,,,,,
107.7016622,,,,,
88.61685373,,,,,
84.83546972,,,,,
82.55077105,,,,,
96.72095847,,,,,
135.0719839,,,,,
114.6334164,,,,,
106.212734,,,,,
114.6451064,,,,,
101.6684766,,,,,
94.99112904,,,,,
108.3238659,,,,,
105.944717,,,,,
104.618656,,,,,
114.3436996,,,,,
129.8544361,,,,,
110.5769118,,,,,
88.73593076,,,,,
80.4853763,,,,,
114.8127874,,,,,
94.77313097,,,,,
94.83735806,,,,,
105.1717509,,,,,
87.40691642,,,,,
119.0459249,,,,,
101.8883205,,,,,
102.6867722,,,,,
75.13712665,,,,,
97.22664278,,,,,
99.0268358,,,,,
99.88931082,,,,,
113.0421581,,,,,
69.77669508,,,,,
83.72940996,,,,,
118.8167575,,,,,
86.48266036,,,,,
127.9074082,,,,,
92.45077349,,,,,
116.5982003,,,,,
91.61217624,,,,,
128.699694,,,,,
115.3709968,,,,,
74.97457917,,,,,
72.9964872,,,,,
94.96320629,,,,,
129.0127967,,,,,
132.9819234,,,,,
92.76943424,,,,,
112.9794129,,,,,
96.52614495,,,,,
83.82640096,,,,,
131.3521351,,,,,
74.18800451,,,,,
114.0816354,,,,,
116.5452356,,,,,
78.11529441,,,,,
113.2060571,,,,,
87.02988941,,,,,
79.21688764,,,,,
97.59839085,,,,,
115.5082423,,,,,
91.03086943,,,,,
106.1879985,,,,,
123.4703354,,,,,
133.2824293,,,,,
80.62374829,,,,,
93.40585854,,,,,
91.33859918,,,,,
89.12245978,,,,,
93.63482287,,,,,
116.8209862,,,,,
118.1982276,,,,,
93.89838863,,,,,
100.5792645,,,,,
94.44166069,,,,,
87.45769425,,,,,
76.11270249,,,,,
79.60578418,,,,,
101.8109985,,,,,
76.44843536,,,,,
105.1335834,,,,,
138.6776571,,,,,
105.5779565,,,,,
123.9188517,,,,,
98.7000435,,,,,
115.8566911,,,,,
56.79493209,,,,,
100.4366023,,,,,
104.2706001,,,,,
115.704903,,,,,
108.8174628,,,,,
84.94733435,,,,,
110.5364383,,,,,
70.98453753,,,,,
135.94519,,,,,
128.4063226,,,,,
118.9391698,,,,,
96.11053003,,,,,
103.3708611,,,,,
85.26809888,,,,,
123.8863857,,,,,
81.86573553,,,,,
136.9884073,,,,,
84.16310755,,,,,
112.4755754,,,,,
99.21407048,,,,,
113.207086,,,,,
101.4579122,,,,,
93.71773556,,,,,
82.18727696,,,,,
121.0543123,,,,,
100.5209799,,,,,
119.1284796,,,,,
105.7231522,,,,,
78.12996055,,,,,
146.3082422,,,,,
80.44858928,,,,,
110.1340421,,,,,
111.7785595,,,,,
108.1932803,,,,,
96.41753098,,,,,
72.37083336,,,,,
80.13331177,,,,,
126.3014259,,,,,
167.6017654,,,,,
73.7514025,,,,,
82.24965781,,,,,
108.0546796,,,,,
104.4575076,,,,,
93.69536916,,,,,
97.8649939,,,,,
82.07725551,,,,,
104.7137576,,,,,
91.63000079,,,,,
85.71878399,,,,,
102.8657282,,,,,
124.4513097,,,,,
78.96298497,,,,,
154.2140313,,,,,
136.4579333,,,,,
121.949723,,,,,
91.2061256,,,,,
68.1208636,,,,,
70.21713316,,,,,
88.74661704,,,,,
129.6110106,,,,,
99.01479173,,,,,
74.02497401,,,,,
102.1839801,,,,,
118.0705435,,,,,
95.43330305,,,,,
58.81863943,,,,,
110.7820073,,,,,
123.7677157,,,,,
94.99930506,,,,,
146.1509911,,,,,
92.04190825,,,,,
66.20320093,,,,,
88.86739545,,,,,
105.9600788,,,,,
160.8975498,,,,,
104.3412148,,,,,
67.68131173,,,,,
61.44480955,,,,,
108.3717593,,,,,
109.5488968,,,,,
130.944685,,,,,
99.75390449,,,,,
79.08096522,,,,,
96.49338284,,,,,
70.60832217,,,,,
102.5970127,,,,,
99.57953089,,,,,
113.0958928,,,,,
104.5868625,,,,,
117.3619047,,,,,
64.81402191,,,,,
105.2267359,,,,,
101.5027786,,,,,
146.2369929,,,,,
69.36919249,,,,,
109.0174797,,,,,
130.0473648,,,,,
110.9731554,,,,,
100.8047108,,,,,
114.7850141,,,,,
121.2802962,,,,,
112.5306061,,,,,
98.99079061,,,,,
89.74951492,,,,,
91.99031954,,,,,
95.68746683,,,,,
84.04163708,,,,,
66.36009404,,,,,
99.3622353,,,,,
108.2117718,,,,,
99.34918219,,,,,
121.5290618,,,,,
111.2710515,,,,,
85.09967968,,,,,
100.1151795,,,,,
81.58541057,,,,,
45.79952573,,,,,
144.6562854,,,,,
85.30039728,,,,,
64.11043907,,,,,
133.0398697,,,,,
81.37722636,,,,,
96.80730175,,,,,
81.10576576,,,,,
72.07830016,,,,,
76.33067943,,,,,
91.16434201,,,,,
97.68407998,,,,,
76.79854859,,,,,
96.922058,,,,,
94.55017227,,,,,
111.0588972,,,,,
127.1565904,,,,,
96.63571053,,,,,
96.79878255,,,,,
97.77133938,,,,,
59.80127822,,,,,
124.6812781,,,,,
117.2249538,,,,,
80.781819,,,,,
123.2963323,,,,,
121.9922157,,,,,
90.24978033,,,,,
80.3725309,,,,,
127.3308353,,,,,
98.33164371,,,,,
91.64534879,,,,,
116.8303089,,,,,
116.4875098,,,,,
89.94673688,,,,,
107.2749116,,,,,
111.727049,,,,,
76.29058071,,,,,
92.04107183,,,,,
87.90758267,,,,,
119.4174283,,,,,
106.8063998,,,,,
90.99273028,,,,,
81.75835483,,,,,
121.1677651,,,,,
143.7165769,,,,,
107.0577572,,,,,
74.40574146,,,,,
134.2260898,,,,,
109.7765073,,,,,
116.6070926,,,,,
77.40695318,,,,,
98.48804207,,,,,
85.25921267,,,,,
85.77519356,,,,,
108.5248598,,,,,
99.62938856,,,,,
82.92014865,,,,,
101.9215697,,,,,
91.06252888,,,,,
118.7378769,,,,,
97.34411467,,,,,
104.615598,,,,,
96.48449004,,,,,
82.88068084,,,,,
94.62589063,,,,,
81.10429661,,,,,
57.7582425,,,,,
78.66160235,,,,,
109.2426809,,,,,
104.3939938,,,,,
88.86466422,,,,,
125.2264199,,,,,
117.4144587,,,,,
91.26427779,,,,,
96.06697813,,,,,
84.88809001,,,,,
142.5770954,,,,,
123.9573981,,,,,
88.79006243,,,,,
98.55878408,,,,,
98.10809105,,,,,
111.7568621,,,,,
119.9407118,,,,,
130.4109084,,,,,
124.960228,,,,,
88.07969299,,,,,
134.8711098,,,,,
66.60455646,,,,,
69.01326108,,,,,
74.11220592,,,,,
96.12321175,,,,,
98.66877081,,,,,
58.28598058,,,,,
101.4954501,,,,,
84.00360505,,,,,
89.19088029,,,,,
101.7526983,,,,,
110.2198938,,,,,
108.5869787,,,,,
103.0594878,,,,,
114.8448878,,,,,
103.1378445,,,,,
120.3063347,,,,,
89.56670587,,,,,
73.20468476,,,,,
78.82109579,,,,,
101.3626351,,,,,
135.7963297,,,,,
95.54159573,,,,,
114.2433127,,,,,
144.0555453,,,,,
103.8497913,,,,,
67.45666151,,,,,
74.18990625,,,,,
73.13403364,,,,,
87.531402,,,,,
84.41712542,,,,,
83.01481822,,,,,
97.91028986,,,,,
110.0833676,,,,,
79.81402396,,,,,
90.07965935,,,,,
90.54672951,,,,,
86.55648449,,,,,
92.15474801,,,,,
78.76485663,,,,,
85.64740399,,,,,
108.0716748,,,,,
91.78653295,,,,,
72.77304485,,,,,
115.0591238,,,,,
103.4509275,,,,,
114.5238478,,,,,
80.93534694,,,,,
69.38783599,,,,,
97.13017556,,,,,
109.5548767,,,,,
59.16360797,,,,,
84.90100885,,,,,
102.8302845,,,,,
124.450955,,,,,
74.70477857,,,,,
101.0552854,,,,,
152.2175932,,,,,
75.7629428,,,,,
72.68629505,,,,,
131.4250844,,,,,
117.2089757,,,,,
100.2427668,,,,,
80.63802118,,,,,
83.22853791,,,,,
61.96968798,,,,,
80.93543954,,,,,
114.5119765,,,,,
113.5032573,,,,,
101.0998433,,,,,
118.4044783,,,,,
112.0749778,,,,,
122.8565023,,,,,
112.9610377,,,,,
87.41166473,,,,,
113.1557203,,,,,
70.40705056,,,,,
96.61524481,,,,,
101.5274517,,,,,
108.5162581,,,,,
125.9822171,,,,,
110.3224104,,,,,
83.42643426,,,,,
91.81988598,,,,,
67.31710548,,,,,
67.02515299,,,,,
80.03035703,,,,,
75.52546881,,,,,
77.27506607,,,,,
67.24915492,,,,,
85.65060994,,,,,
85.5932939,,,,,
79.55047942,,,,,
90.89032842,,,,,
86.98565797,,,,,
85.47664368,,,,,
82.8498934,,,,,
89.4996926,,,,,
88.86820114,,,,,
74.7573389,,,,,
84.51951775,,,,,
75.55572382,,,,,
105.5333693,,,,,
112.4444918,,,,,
89.25933673,,,,,
78.32728495,,,,,
92.13762015,,,,,
100.3121038,,,,,
75.92362311,,,,,
93.27775797,,,,,
97.72711948,,,,,
88.15194803,,,,,
106.0716377,,,,,
80.18167292,,,,,
119.4140702,,,,,
97.97984125,,,,,
103.604264,,,,,
87.38569494,,,,,
93.78450815,,,,,
98.74995258,,,,,
114.2404257,,,,,
99.08983405,,,,,
115.3674072,,,,,
79.49722037,,,,,
76.17085983,,,,,
118.5052315,,,,,
116.3618506,,,,,
76.05128177,,,,,
114.2232046,,,,,
96.48903534,,,,,
113.2986742,,,,,
85.8377393,,,,,
112.1867456,,,,,
86.40728977,,,,,
107.9689948,,,,,
71.94231818,,,,,
124.5720899,,,,,
98.84616817,,,,,
97.63838586,,,,,
87.37196905,,,,,
79.97515055,,,,,
110.1167591,,,,,
118.9076322,,,,,
108.7157404,,,,,
80.68286278,,,,,
96.67471187,,,,,
91.45450409,,,,,
115.0883298,,,,,
92.77584686,,,,,
91.49803909,,,,,
92.33559782,,,,,
98.94770523,,,,,
78.27800277,,,,,
76.61575994,,,,,
123.4995648,,,,,
110.1091128,,,,,
110.3961541,,,,,
137.33463,,,,,
107.3027242,,,,,
87.87427531,,,,,
74.20931718,,,,,
118.9576636,,,,,
116.4020171,,,,,
82.31537828,,,,,
97.81581433,,,,,
106.6329665,,,,,
95.00852026,,,,,
77.06781664,,,,,
91.14007028,,,,,
100.8259346,,,,,
73.87222178,,,,,
84.9796423,,,,,
57.49938777,,,,,
105.6736489,,,,,
85.5844938,,,,,
106.5599961,,,,,
106.0899292,,,,,
78.00822752,,,,,
102.41886,,,,,
99.21561004,,,,,
108.445907,,,,,
84.4097693,,,,,
100.2692381,,,,,
78.06373523,,,,,
81.46859784,,,,,
107.2665641,,,,,
85.95128364,,,,,
115.7155151,,,,,
106.2174539,,,,,
98.10628706,,,,,
70.76503675,,,,,
71.50791863,,,,,
82.93469569,,,,,
100.524858,,,,,
105.3579986,,,,,
67.75003894,,,,,
67.34142693,,,,,
99.1371697,,,,,
94.60091403,,,,,
69.74105572,,,,,
75.26910308,,,,,
90.14484849,,,,,
101.7846743,,,,,
63.96072884,,,,,
92.7033377,,,,,
97.78926257,,,,,
84.45555536,,,,,
85.11232312,,,,,
95.05286732,,,,,
113.6769274,,,,,
100.584243,,,,,
86.14807786,,,,,
84.5880855,,,,,
87.10024347,,,,,
68.93485705,,,,,
92.59797688,,,,,
112.2663202,,,,,
117.9154931,,,,,
65.15593094,,,,,
126.1986168,,,,,
94.62851582,,,,,
99.45328127,,,,,
97.4910976,,,,,
96.57968173,,,,,
110.8723778,,,,,
109.2017157,,,,,
112.7231588,,,,,
66.15696415,,,,,
84.23539509,,,,,
93.086315,,,,,
126.0013063,,,,,
94.12996154,,,,,
112.3934341,,,,,
77.02703067,,,,,
104.7269882,,,,,
85.92252257,,,,,
87.65612549,,,,,
114.0038065,,,,,
71.9600353,,,,,
116.0910451,,,,,
101.5707332,,,,,
106.5487003,,,,,
94.1834433,,,,,
77.81942773,,,,,
132.2613367,,,,,
73.97694102,,,,,
115.4853113,,,,,
70.66699065,,,,,
118.0928947,,,,,
81.9893699,,,,,
72.2528303,,,,,
60.14762042,,,,,
98.92549872,,,,,
94.24821889,,,,,
82.78850012,,,,,
109.0110715,,,,,
72.62705327,,,,,
84.07511028,,,,,
91.27241853,,,,,
91.23108574,,,,,
82.82941333,,,,,
101.8658068,,,,,
103.2216788,,,,,
118.6445404,,,,,
109.3745112,,,,,
66.31036065,,,,,
100.0420348,,,,,
83.21270485,,,,,
71.8011473,,,,,
105.2264822,,,,,
84.9574912,,,,,
80.40435886,,,,,
65.58663605,,,,,
109.8784989,,,,,
90.64263947,,,,,
75.10049449,,,,,
96.78376882,,,,,
100.2907907,,,,,
101.7412223,,,,,
98.46239638,,,,,
107.3888036,,,,,
101.8252226,,,,,
125.1579127,,,,,
86.88925614,,,,,
97.32633523,,,,,
93.39404124,,,,,
143.3777668,,,,,
81.80937354,,,,,
104.9944067,,,,,
108.4946462,,,,,
101.6787091,,,,,
68.22518691,,,,,
78.87521713,,,,,
69.39704663,,,,,
41.53737274,,,,,
114.8893289,,,,,
99.99051215,,,,,
88.01596587,,,,,
83.84464539,,,,,
96.5702092,,,,,
95.95913926,,,,,
76.38141543,,,,,
94.82108551,,,,,
97.49694494,,,,,
89.34354535,,,,,
92.90048818,,,,,
110.8931553,,,,,
90.6249282,,,,,
88.45203795,,,,,
84.34735158,,,,,
104.9570929,,,,,
76.71272083,,,,,
99.58849902,,,,,
92.94325553,,,,,
102.1705815,,,,,
93.4776961,,,,,
126.5567639,,,,,
102.5535886,,,,,
87.9806899,,,,,
95.21952703,,,,,
81.229435,,,,,
111.4887091,,,,,
78.57358704,,,,,
115.132453,,,,,
76.12847065,,,,,
102.5271735,,,,,
74.8218809,,,,,
109.5375239,,,,,
96.36694873,,,,,
127.3389732,,,,,
100.7029704,,,,,
104.8553624,,,,,
70.254293,,,,,
57.80869505,,,,,
144.6022105,,,,,
85.6192174,,,,,
78.20647712,,,,,
96.65055294,,,,,
113.3857071,,,,,
95.69877136,,,,,
94.1468678,,,,,
83.37705308,,,,,
120.4516831,,,,,
74.90581998,,,,,
78.40544369,,,,,
82.09514116,,,,,
108.1133419,,,,,
129.1999628,,,,,
66.40446015,,,,,
77.81119779,,,,,
83.77311416,,,,,
79.88216881,,,,,
133.8000841,,,,,
112.2357789,,,,,
75.33429186,,,,,
68.83887289,,,,,
81.97265109,,,,,
77.70197211,,,,,
123.4349391,,,,,
104.7802083,,,,,
108.1969542,,,,,
61.35571041,,,,,
77.05747012,,,,,
89.63316236,,,,,
103.560605,,,,,
83.29597603,,,,,
93.70437861,,,,,
81.22735838,,,,,
95.06149136,,,,,
95.13126415,,,,,
115.9923599,,,,,
67.33511732,,,,,
95.76650784,,,,,
88.57222296,,,,,
71.21210673,,,,,
94.87830922,,,,,
121.566935,,,,,
103.5723136,,,,,
117.1043585,,,,,
86.70412204,,,,,
95.84913311,,,,,
105.8034768,,,,,
93.95645004,,,,,
95.43372168,,,,,
83.81544288,,,,,
84.02608592,,,,,
135.8511503,,,,,
96.02413998,,,,,
97.15418208,,,,,
112.4156488,,,,,
88.91094391,,,,,
56.48394892,,,,,
52.41928966,,,,,
107.86909,,,,,
92.57648318,,,,,
96.92277693,,,,,
105.6831505,,,,,
68.32868893,,,,,
121.1655918,,,,,
94.34268054,,,,,
82.30075707,,,,,
74.15164495,,,,,
94.98362431,,,,,
62.08458209,,,,,
97.98061136,,,,,
73.3820214,,,,,
107.1143886,,,,,
98.51094571,,,,,
72.9830872,,,,,
78.73969745,,,,,
108.0436569,,,,,
60.49205216,,,,,
92.86967396,,,,,
106.0696197,,,,,
58.87462279,,,,,
58.37804549,,,,,
63.86036076,,,,,
88.95625877,,,,,
81.15170874,,,,,
74.23883339,,,,,
91.6759384,,,,,
98.52269448,,,,,
83.00544643,,,,,
70.80213298,,,,,
115.1621662,,,,,
89.50568858,,,,,
82.72539261,,,,,
132.5667087,,,,,
119.9243518,,,,,
101.5114262,,,,,
121.1206858,,,,,
82.70466288,,,,,
94.09919374,,,,,
78.91424414,,,,,
84.37893231,,,,,
76.78308061,,,,,
59.81173607,,,,,
101.1178503,,,,,
83.67037589,,,,,
118.9177935,,,,,
111.2230305,,,,,
73.5113249,,,,,
110.3696099,,,,,
86.86676209,,,,,
59.81570477,,,,,
88.75780042,,,,,
81.33132052,,,,,
90.65234325,,,,,
78.08371405,,,,,
95.71329729,,,,,
86.39198831,,,,,
87.02636993,,,,,
61.5433,,,,,
65.65518898,,,,,
105.5043667,,,,,
87.6348551,,,,,
98.56495165,,,,,
128.2250604,,,,,
76.37360755,,,,,
111.9231654,,,,,
127.1528835,,,,,
61.68469992,,,,,
98.95111718,,,,,
74.22794144,,,,,
93.62954124,,,,,
71.7273718,,,,,
77.2334085,,,,,
77.77353597,,,,,
109.3387851,,,,,
129.9847487,,,,,
75.27757846,,,,,
88.03348887,,,,,
105.9556291,,,,,
89.46619632,,,,,
108.7145947,,,,,
142.8679216,,,,,
128.8944399,,,,,
110.0502866,,,,,
73.85885475,,,,,
82.18545266,,,,,
91.58589721,,,,,
123.1681798,,,,,
116.3678316,,,,,
79.86437495,,,,,
98.00280766,,,,,
110.8952387,,,,,
108.8160787,,,,,
102.7813617,,,,,
80.97191176,,,,,
92.68410774,,,,,
95.88327448,,,,,
99.62947015,,,,,
51.13825928,,,,,
65.97919449,,,,,
87.95123775,,,,,
95.05203778,,,,,
89.61834977,,,,,
83.88564977,,,,,
107.7720768,,,,,
85.82418616,,,,,
82.62635431,,,,,
116.4847334,,,,,
69.534383,,,,,
84.92343054,,,,,
76.91223116,,,,,
94.59718904,,,,,
80.90175146,,,,,
103.4164313,,,,,
83.65323099,,,,,
116.8488687,,,,,
91.79865969,,,,,
76.98389188,,,,,
112.5415739,,,,,
98.06644285,,,,,
79.41409526,,,,,
101.4073549,,,,,
60.13075787,,,,,
87.6051531,,,,,
122.0916087,,,,,
82.09832619,,,,,
95.09219397,,,,,
74.22608981,,,,,
107.6176423,,,,,
118.3650989,,,,,
86.37740091,,,,,
102.8689256,,,,,
69.54833666,,,,,
100.2157718,,,,,
94.83137138,,,,,
113.0031295,,,,,
100.4113569,,,,,
86.87258299,,,,,
112.7073155,,,,,
90.55374692,,,,,
79.61780995,,,,,
86.29290727,,,,,
73.62584678,,,,,
100.1011725,,,,,
66.76619908,,,,,
63.34226375,,,,,
117.7729201,,,,,
76.31405603,,,,,
100.9500476,,,,,
68.31164043,,,,,
98.13832964,,,,,
66.49982052,,,,,
136.5695307,,,,,
88.37719435,,,,,
76.5582155,,,,,
70.67702779,,,,,
63.41785062,,,,,
110.2092849,,,,,
88.81975674,,,,,
111.9683496,,,,,
80.68175998,,,,,
56.12018916,,,,,
135.0886884,,,,,
73.50374857,,,,,
86.67179549,,,,,
84.21763978,,,,,
66.57512052,,,,,
78.86179558,,,,,
85.93798962,,,,,
89.34247345,,,,,
96.76168738,,,,,
80.77477161,,,,,
74.38087568,,,,,
82.33982094,,,,,
58.59010311,,,,,
61.52884186,,,,,
80.66406333,,,,,
69.693781,,,,,
87.6885739,,,,,
93.95319532,,,,,
93.29739191,,,,,
86.90219741,,,,,
77.3455907,,,,,
91.40352181,,,,,
130.8875509,,,,,
98.39587782,,,,,
74.58877582,,,,,
63.58278422,,,,,
94.07750059,,,,,
76.88608819,,,,,
95.75504905,,,,,
64.15160957,,,,,
85.88687461,,,,,
81.095584,,,,,
89.78815121,,,,,
108.9221829,,,,,
92.86400123,,,,,
117.6000017,,,,,
98.11916691,,,,,
105.4374613,,,,,
115.7187258,,,,,
84.67366796,,,,,
117.6100989,,,,,
74.57872956,,,,,
86.61586248,,,,,
104.0023287,,,,,
69.07992461,,,,,
110.1290149,,,,,
110.0962619,,,,,
72.9261136,,,,,
91.9238115,,,,,
77.71800673,,,,,
89.86809532,,,,,
69.91817186,,,,,
111.5785217,,,,,
90.10872926,,,,,
83.06775837,,,,,
102.462114,,,,,
111.6545297,,,,,
83.34822264,,,,,
80.33815926,,,,,
104.7722846,,,,,
95.58948027,,,,,
72.84208646,,,,,
103.7891816,,,,,
75.17666929,,,,,
72.89056029,,,,,
95.26264534,,,,,
85.77683113,,,,,
73.75129337,,,,,
86.28475772,,,,,
117.5533344,,,,,
75.34785618,,,,,
56.23289952,,,,,
108.8557507,,,,,
89.17536928,,,,,
86.15307892,,,,,
65.0220595,,,,,
87.58769523,,,,,
127.1634331,,,,,
68.90242299,,,,,
87.12357909,,,,,
129.2008063,,,,,
68.94438937,,,,,
69.85927944,,,,,
92.60557657,,,,,
77.48985871,,,,,
107.5042857,,,,,
84.90533556,,,,,
129.8761812,,,,,
88.07242481,,,,,
102.1384185,,,,,
105.2286088,,,,,
84.06622182,,,,,
91.67601066,,,,,
81.24892843,,,,,
103.0972173,,,,,
101.6970422,,,,,
81.57327221,,,,,
122.7848759,,,,,
114.9152501,,,,,
119.0991955,,,,,
90.83095438,,,,,
131.5049969,,,,,
69.80923835,,,,,
93.91933527,,,,,
83.61587952,,,,,
85.5958553,,,,,
99.68079511,,,,,
60.82763091,,,,,
99.78074497,,,,,
92.87756792,,,,,
62.24878853,,,,,
80.46984085,,,,,
109.0375512,,,,,
80.67041739,,,,,
110.0167126,,,,,
93.60421604,,,,,
59.46200938,,,,,
103.2162126,,,,,
90.99125723,,,,,
84.9874624,,,,,
92.05069092,,,,,
100.1204817,,,,,
118.614813,,,,,
119.7592728,,,,,
107.3009432,,,,,
70.9604205,,,,,
102.7315828,,,,,
70.70714613,,,,,
89.49252983,,,,,
70.56761685,,,,,
86.81208101,,,,,
90.95958678,,,,,
84.10468004,,,,,
103.9505186,,,,,
68.48723724,,,,,
95.31891606,,,,,
60.61561819,,,,,
104.5451843,,,,,
75.26742588,,,,,
113.4337035,,,,,
98.37992376,,,,,
70.01794253,,,,,
103.4486374,,,,,
72.69021639,,,,,
86.55440657,,,,,
106.376196,,,,,
85.35955654,,,,,
98.33034079,,,,,
92.39342669,,,,,
78.28297154,,,,,
68.46214932,,,,,
65.66357614,,,,,
89.45505312,,,,,
58.95846883,,,,,
74.7547521,,,,,
126.9417515,,,,,
82.87522453,,,,,
85.12919083,,,,,
75.54995035,,,,,
61.31052202,,,,,
66.0825933,,,,,
79.76783861,,,,,
125.1854968,,,,,
73.07773917,,,,,
90.35429579,,,,,
110.1738249,,,,,
64.25770688,,,,,
93.17503327,,,,,
76.49739149,,,,,
81.40305038,,,,,
88.47288644,,,,,
78.06124467,,,,,
79.53913565,,,,,
90.71430595,,,,,
108.9912673,,,,,
74.01250655,,,,,
72.57636427,,,,,
118.2966595,,,,,
108.4140553,,,,,
73.96368311,,,,,
104.6684,,,,,
88.81585496,,,,,
70.68413459,,,,,
75.93051005,,,,,
73.72805443,,,,,
80.89478333,,,,,
79.51251906,,,,,
80.77355917,,,,,
71.260519,,,,,
89.38480414,,,,,
77.23617364,,,,,
95.96091681,,,,,
98.47057195,,,,,
115.3785927,,,,,
101.810441,,,,,
68.77064669,,,,,
82.81912526,,,,,
93.05369972,,,,,
86.22088453,,,,,
93.8164057,,,,,
88.82395548,,,,,
78.99789719,,,,,
79.48551934,,,,,
79.40411036,,,,,
77.40789573,,,,,
84.33353869,,,,,
97.06619745,,,,,
83.32140987,,,,,
63.93225854,,,,,
85.56921794,,,,,
89.48665643,,,,,
78.49678207,,,,,
122.4006528,,,,,
107.8028735,,,,,
84.68336907,,,,,
89.05834712,,,,,
67.24165773,,,,,
81.0010992,,,,,
104.2305309,,,,,
125.8294696,,,,,
92.4994767,,,,,
90.80783958,,,,,
106.599501,,,,,
103.5992604,,,,,
81.35636832,,,,,
94.22043822,,,,,
128.4611005,,,,,
56.18242283,,,,,
77.97193916,,,,,
68.29929642,,,,,
107.3081985,,,,,
115.0671545,,,,,
102.4286899,,,,,
84.11081655,,,,,
110.4906511,,,,,
102.4900786,,,,,
102.2168993,,,,,
92.03708095,,,,,
80.92489803,,,,,
93.32864408,,,,,
121.9144929,,,,,
65.89690369,,,,,
72.86377496,,,,,
77.44557289,,,,,
80.43049745,,,,,
102.0403629,,,,,
130.6530539,,,,,
80.9365405,,,,,
88.92438976,,,,,
82.96620533,,,,,
96.88804613,,,,,
100.4940747,,,,,
101.1191453,,,,,
88.22408096,,,,,
111.7568977,,,,,
85.87861402,,,,,
77.00823264,,,,,
62.42987462,,,,,
84.09319772,,,,,
75.32030495,,,,,
86.64218925,,,,,
59.70734335,,,,,
56.9585553,,,,,
74.48862608,,,,,
81.0583407,,,,,
62.93637329,,,,,
75.57743084,,,,,
112.3667198,,,,,
59.20370682,,,,,
68.56701449,,,,,
106.3885723,,,,,
115.6862453,,,,,
73.20582588,,,,,
82.34556314,,,,,
82.57724287,,,,,
97.92530546,,,,,
67.01308364,,,,,
96.81033459,,,,,
77.16724835,,,,,
79.47968115,,,,,
65.0307946,,,,,
98.98339708,,,,,
65.5107626,,,,,
65.91329084,,,,,
104.1620187,,,,,
76.8032216,,,,,
83.33479271,,,,,
77.00869086,,,,,
61.24135323,,,,,
127.1927947,,,,,
64.67280183,,,,,
64.55952361,,,,,
69.40448473,,,,,
87.38403572,,,,,
127.7533172,,,,,
81.90676058,,,,,
94.45709381,,,,,
69.66784183,,,,,
66.4394057,,,,,
93.98802506,,,,,
80.14760294,,,,,
82.34752436,,,,,
68.46896243,,,,,
105.8789502,,,,,
105.0548523,,,,,
117.419171,,,,,
75.46063362,,,,,
110.8107097,,,,,
75.61770795,,,,,
100.2471343,,,,,
117.3466815,,,,,
89.77036156,,,,,
79.12444246,,,,,
90.60628346,,,,,
91.03530323,,,,,
43.25996089,,,,,
126.3648168,,,,,
91.74146769,,,,,
75.47644861,,,,,
105.3693305,,,,,
64.60558415,,,,,
74.91549527,,,,,
66.42447603,,,,,
85.41179535,,,,,
61.21760404,,,,,
119.7095602,,,,,
71.94952301,,,,,
106.0341852,,,,,
79.96047981,,,,,
105.5403329,,,,,
85.34367466,,,,,
85.74245908,,,,,
108.4199314,,,,,
90.51171493,,,,,
78.33289797,,,,,
91.24936991,,,,,
85.51077562,,,,,
59.21102985,,,,,
68.94575521,,,,,
105.0445059,,,,,
91.07706104,,,,,
88.69042907,,,,,
92.59305553,,,,,
105.5682209,,,,,
89.45753605,,,,,
119.3248187,,,,,
84.74156692,,,,,
79.81169632,,,,,
99.89093476,,,,,
70.56419774,,,,,
84.53063277,,,,,
100.0759788,,,,,
92.91175659,,,,,
71.0297344,,,,,
67.64801821,,,,,
90.37648171,,,,,
64.50982203,,,,,
64.74949705,,,,,
86.10573221,,,,,
80.84342661,,,,,
70.9105825,,,,,
127.4562354,,,,,
75.67770534,,,,,
81.62616861,,,,,
80.11547602,,,,,
82.14293272,,,,,
81.07069197,,,,,
66.15615471,,,,,
98.09744343,,,,,
95.71847156,,,,,
92.37123165,,,,,
72.75543267,,,,,
108.7082426,,,,,
81.72038026,,,,,
52.93940176,,,,,
100.213456,,,,,
100.2956469,,,,,
72.46014272,,,,,
96.64938518,,,,,
82.72557633,,,,,
92.40146372,,,,,
76.92522542,,,,,
64.2955958,,,,,
95.57481986,,,,,
88.46782594,,,,,
77.36022247,,,,,
60.16953898,,,,,
95.49067659,,,,,
89.80664206,,,,,
91.93713418,,,,,
93.79627948,,,,,
80.03880937,,,,,
86.45546352,,,,,
96.14419388,,,,,
82.29364683,,,,,
95.15081604,,,,,
99.97685921,,,,,
80.5882044,,,,,
102.0855095,,,,,
90.62067972,,,,,
90.14332003,,,,,
63.87481607,,,,,
84.31361852,,,,,
106.4776447,,,,,
77.84301205,,,,,
95.99950935,,,,,
88.92204097,,,,,
89.38157647,,,,,
74.64908892,,,,,
75.89516532,,,,,
58.13388226,,,,,
73.77705787,,,,,
85.7388836,,,,,
132.1863167,,,,,
88.02058327,,,,,
98.68884327,,,,,
110.8763368,,,,,
61.94478289,,,,,
92.04296212,,,,,
86.48442787,,,,,
82.87739993,,,,,
78.39285542,,,,,
80.03429322,,,,,
60.78897838,,,,,
93.12815406,,,,,
88.31357142,,,,,
101.4774947,,,,,
87.31621128,,,,,
89.51283435,,,,,
81.75086859,,,,,
78.84719055,,,,,
104.7237324,,,,,
55.77729286,,,,,
109.347741,,,,,
78.22355288,,,,,
75.6586092,,,,,
76.84462944,,,,,
86.70766168,,,,,
90.11879322,,,,,
92.40903825,,,,,
62.57095495,,,,,
79.11183205,,,,,
62.01740573,,,,,
141.4754007,,,,,
81.73273606,,,,,
80.79358882,,,,,
117.3204211,,,,,
76.48249656,,,,,
66.20647947,,,,,
100.7789068,,,,,
84.18862123,,,,,
96.8180392,,,,,
85.98080791,,,,,
95.58209263,,,,,
93.27505563,,,,,
79.31586397,,,,,
74.73989967,,,,,
81.18306588,,,,,
116.1764242,,,,,
93.57188559,,,,,
79.71871293,,,,,
76.8603385,,,,,
80.5172437,,,,,
125.9379352,,,,,
77.09993766,,,,,
99.19983935,,,,,
69.36402377,,,,,
82.40806065,,,,,
67.00677459,,,,,
112.4171316,,,,,
76.3421935,,,,,
61.71373109,,,,,
77.80723756,,,,,
107.5362755,,,,,
70.46002091,,,,,
117.5309452,,,,,
111.8897716,,,,,
86.39996087,,,,,
81.99302697,,,,,
73.97755558,,,,,
85.17740465,,,,,
65.67168261,,,,,
74.52055987,,,,,
93.90842814,,,,,
73.03714419,,,,,
96.64680101,,,,,
116.3754301,,,,,
71.34285018,,,,,
134.0202667,,,,,
98.03534272,,,,,
83.08243916,,,,,
82.96449304,,,,,
84.47597426,,,,,
53.38264835,,,,,
77.65469782,,,,,
79.65429677,,,,,
75.55567004,,,,,
73.97102378,,,,,
91.47001578,,,,,
97.04694226,,,,,
79.94489921,,,,,
62.18083435,,,,,
85.72400121,,,,,
77.66245471,,,,,
81.41491203,,,,,
65.48490912,,,,,
83.24588065,,,,,
95.02368447,,,,,
115.684403,,,,,
77.12813854,,,,,
78.60449817,,,,,
67.87332258,,,,,
97.9418863,,,,,
65.56558847,,,,,
97.60118188,,,,,
95.89547683,,,,,
72.47442756,,,,,
100.4189189,,,,,
58.63784969,,,,,
62.8160616,,,,,
93.37927939,,,,,
105.0731381,,,,,
93.91030156,,,,,
120.1146251,,,,,
96.7968405,,,,,
68.21304552,,,,,
82.71180255,,,,,
99.08368997,,,,,
75.71981103,,,,,
101.2809347,,,,,
59.89827731,,,,,
108.2979443,,,,,
73.61196463,,,,,
123.7697249,,,,,
75.11742623,,,,,
90.24984993,,,,,
74.89188497,,,,,
56.13652119,,,,,
83.69440771,,,,,
113.4968664,,,,,
108.4414729,,,,,
88.11307271,,,,,
67.13753842,,,,,
87.48605183,,,,,
105.1102552,,,,,
86.44120465,,,,,
84.93977868,,,,,
65.52038005,,,,,
98.97656474,,,,,
74.50825082,,,,,
83.10712042,,,,,
86.90678125,,,,,
101.6357878,,,,,
110.2325219,,,,,
112.086315,,,,,
60.87025428,,,,,
85.16676548,,,,,
104.2263188,,,,,
81.87705353,,,,,
66.31808095,,,,,
100.1008777,,,,,
82.40066847,,,,,
80.60848874,,,,,
100.5941414,,,,,
80.72136855,,,,,
114.5927839,,,,,
90.18457667,,,,,
67.84966346,,,,,
81.14931993,,,,,
80.02259256,,,,,
63.53274858,,,,,
71.68749358,,,,,
73.74928297,,,,,
77.23949153,,,,,
85.80734137,,,,,
104.2818125,,,,,
71.37775002,,,,,
103.0427079,,,,,
86.44132809,,,,,
101.9297155,,,,,
100.7601606,,,,,
94.13971088,,,,,
77.34666115,,,,,
64.39582207,,,,,
78.9343013,,,,,
109.9241011,,,,,
48.30375403,,,,,
47.69072789,,,,,
93.19075191,,,,,
84.2584846,,,,,
76.81305877,,,,,
109.6518293,,,,,
65.78840265,,,,,
104.2160992,,,,,
92.22117603,,,,,
97.21405823,,,,,
77.78424742,,,,,
84.85984371,,,,,
81.1606878,,,,,
62.66869507,,,,,
92.08415883,,,,,
98.12941235,,,,,
84.670559,,,,,
84.7368711,,,,,
63.50400986,,,,,
100.4492795,,,,,
60.08609015,,,,,
84.61456207,,,,,
96.80017271,,,,,
67.91608567,,,,,
85.86352883,,,,,
69.98476207,,,,,
73.14538169,,,,,
86.45648719,,,,,
54.19982374,,,,,
66.57623777,,,,,
80.61458362,,,,,
92.49516677,,,,,
69.45082663,,,,,
77.808622,,,,,
133.9267005,,,,,
87.77863535,,,,,
83.44250547,,,,,
70.84223466,,,,,
112.6804041,,,,,
66.78266786,,,,,
76.6095504,,,,,
87.49873789,,,,,
88.26267308,,,,,
79.04309628,,,,,
61.28145789,,,,,
124.4065794,,,,,
64.03329449,,,,,
79.07653707,,,,,
66.45537184,,,,,
75.70244856,,,,,
117.5137766,,,,,
66.50102554,,,,,
78.89041633,,,,,
85.33571154,,,,,
89.04441565,,,,,
73.33004855,,,,,
86.96498201,,,,,
88.65940307,,,,,
121.6909349,,,,,
84.15198541,,,,,
74.39873436,,,,,
82.84413388,,,,,
111.8221381,,,,,
119.2898502,,,,,
86.42283013,,,,,
114.246905,,,,,
88.64468175,,,,,
67.55744729,,,,,
75.29100787,,,,,
93.71829432,,,,,
122.1664955,,,,,
52.84559009,,,,,
116.3727116,,,,,
92.16103184,,,,,
75.80481145,,,,,
67.99514649,,,,,
113.0440554,,,,,
78.54115855,,,,,
69.40735457,,,,,
91.45546146,,,,,
122.1783546,,,,,
88.74653799,,,,,
86.05402427,,,,,
77.84769575,,,,,
75.92107322,,,,,
98.1283024,,,,,
97.94242354,,,,,
89.93123806,,,,,
71.69576296,,,,,
87.75304992,,,,,
74.16107987,,,,,
79.71529875,,,,,
83.90771324,,,,,
111.2150427,,,,,
115.2634013,,,,,
125.3073363,,,,,
62.94441382,,,,,
76.13136178,,,,,
